,MODE,DATASET,PREPROC,ALGORITHM,ORDER,ALPHA,PRE,REC,SPE,F1,GEO,IBA
0,PCA,contraceptive,_train,ABC,NONE,NONE,0.192,0.23199999999999998,0.79,0.20600000000000002,0.28600000000000003,0.14600000000000002
1,PCA,contraceptive,_train,DTREE,NONE,NONE,0.192,0.212,0.7979999999999999,0.198,0.28,0.136
2,PCA,contraceptive,_train,GNB,NONE,NONE,0.2,0.204,0.8320000000000001,0.198,0.278,0.14400000000000002
3,PCA,contraceptive,_train,KNN,NONE,NONE,0.212,0.2240000000000001,0.8079999999999999,0.20600000000000002,0.28800000000000003,0.14400000000000002
4,PCA,contraceptive,_train,LRG,NONE,NONE,0.21800000000000005,0.28400000000000003,0.7639999999999999,0.21,0.266,0.124
5,PCA,contraceptive,_train,MLP,NONE,NONE,0.20800000000000002,0.262,0.7879999999999999,0.2280000000000001,0.306,0.16799999999999998
6,PCA,contraceptive,_train,QDA,NONE,NONE,0.20600000000000002,0.18600000000000005,0.8420000000000001,0.194,0.272,0.138
7,PCA,contraceptive,_train,RF,NONE,NONE,0.202,0.246,0.7859999999999999,0.22000000000000008,0.29400000000000004,0.15800000000000006
8,PCA,contraceptive,_train,SGD,NONE,NONE,0.20199999999999999,0.274,0.7459999999999999,0.16,0.168,0.06000000000000001
9,PCA,contraceptive,_train,SVM,NONE,NONE,0.05,0.2280000000000001,0.772,0.08,0.0,0.0
10,PCA,dermatology,_train,ABC,NONE,NONE,0.3640000000000001,0.354,0.9399999999999998,0.358,0.366,0.35200000000000004
11,PCA,dermatology,_train,DTREE,NONE,NONE,0.5040000000000001,0.5040000000000001,0.9359999999999999,0.5,0.526,0.496
12,PCA,dermatology,_train,GNB,NONE,NONE,0.4560000000000001,0.518,0.9200000000000002,0.4779999999999999,0.514,0.504
13,PCA,dermatology,_train,KNN,NONE,NONE,0.504,0.508,0.9359999999999999,0.506,0.52,0.502
14,PCA,dermatology,_train,LRG,NONE,NONE,0.39,0.368,0.8880000000000001,0.3120000000000001,0.362,0.28400000000000003
15,PCA,dermatology,_train,MLP,NONE,NONE,0.506,0.516,0.934,0.512,0.526,0.512
16,PCA,dermatology,_train,QDA,NONE,NONE,0.438,0.4900000000000001,0.9179999999999999,0.454,0.5,0.4699999999999999
17,PCA,dermatology,_train,RF,NONE,NONE,0.522,0.514,0.9359999999999999,0.516,0.524,0.508
18,PCA,dermatology,_train,SGD,NONE,NONE,0.362,0.328,0.914,0.306,0.336,0.284
19,PCA,dermatology,_train,SVM,NONE,NONE,0.03,0.168,0.8320000000000001,0.048,0.0,0.0
20,PCA,glass,_train,ABC,NONE,NONE,0.21600000000000005,0.28200000000000003,0.8280000000000001,0.2260000000000001,0.24599999999999994,0.16
21,PCA,glass,_train,DTREE,NONE,NONE,0.28,0.276,0.8360000000000001,0.266,0.342,0.2260000000000001
22,PCA,glass,_train,GNB,NONE,NONE,0.292,0.36,0.826,0.30600000000000005,0.368,0.258
23,PCA,glass,_train,KNN,NONE,NONE,0.26,0.26,0.7959999999999999,0.254,0.304,0.202
24,PCA,glass,_train,LRG,NONE,NONE,0.0,0.0,1.0,0.0,0.0,0.0
25,PCA,glass,_train,MLP,NONE,NONE,0.214,0.184,0.8859999999999999,0.19,0.2220000000000001,0.14200000000000002
26,PCA,glass,_train,QDA,NONE,NONE,0.07,0.13200000000000006,0.9259999999999999,0.08,0.08399999999999999,0.064
27,PCA,glass,_train,RF,NONE,NONE,0.28600000000000003,0.254,0.8079999999999999,0.26,0.308,0.22399999999999998
28,PCA,glass,_train,SGD,NONE,NONE,0.188,0.324,0.784,0.23000000000000004,0.214,0.15
29,PCA,glass,_train,SVM,NONE,NONE,0.0,0.0,1.0,0.0,0.0,0.0
30,PCA,new-thyroid,_train,ABC,NONE,NONE,0.14,0.122,0.86,0.128,0.132,0.11
31,PCA,new-thyroid,_train,DTREE,NONE,NONE,0.128,0.118,0.8619999999999999,0.122,0.128,0.11199999999999999
32,PCA,new-thyroid,_train,GNB,NONE,NONE,0.136,0.124,0.86,0.13,0.132,0.11599999999999999
33,PCA,new-thyroid,_train,KNN,NONE,NONE,0.14,0.128,0.86,0.134,0.134,0.122
34,PCA,new-thyroid,_train,LRG,NONE,NONE,0.03,0.16,0.8400000000000001,0.05,0.0,0.0
35,PCA,new-thyroid,_train,MLP,NONE,NONE,0.156,0.17600000000000002,0.8560000000000001,0.136,0.14400000000000002,0.092
36,PCA,new-thyroid,_train,QDA,NONE,NONE,0.136,0.128,0.86,0.132,0.136,0.118
37,PCA,new-thyroid,_train,RF,NONE,NONE,0.136,0.124,0.8619999999999999,0.13,0.132,0.11599999999999999
38,PCA,new-thyroid,_train,SGD,NONE,NONE,0.12800000000000006,0.16,0.86,0.10400000000000001,0.102,0.06200000000000001
39,PCA,new-thyroid,_train,SVM,NONE,NONE,0.03,0.16,0.8400000000000001,0.05,0.0,0.0
40,PCA,penbased,_train,ABC,NONE,NONE,0.14200000000000002,0.244,0.93,0.16,0.238,0.18
41,PCA,penbased,_train,DTREE,NONE,NONE,0.7300000000000001,0.726,0.98,0.728,0.7759999999999999,0.71
42,PCA,penbased,_train,GNB,NONE,NONE,0.7040000000000001,0.6799999999999999,0.976,0.6839999999999999,0.742,0.664
43,PCA,penbased,_train,KNN,NONE,NONE,0.7699999999999999,0.764,0.988,0.7659999999999999,0.7759999999999999,0.76
44,PCA,penbased,_train,LRG,NONE,NONE,0.69,0.6699999999999999,0.978,0.6679999999999999,0.7340000000000001,0.6540000000000001
45,PCA,penbased,_train,MLP,NONE,NONE,0.768,0.76,0.982,0.7619999999999999,0.782,0.7540000000000001
46,PCA,penbased,_train,QDA,NONE,NONE,0.01,0.1,0.9,0.02,0.0,0.0
47,PCA,penbased,_train,RF,NONE,NONE,0.7759999999999999,0.774,0.988,0.7759999999999999,0.7859999999999999,0.768
48,PCA,penbased,_train,SGD,NONE,NONE,0.6679999999999999,0.642,0.974,0.6340000000000001,0.6940000000000001,0.618
49,PCA,penbased,_train,SVM,NONE,NONE,0.5920000000000001,0.5700000000000001,0.968,0.5599999999999999,0.638,0.542
50,PCA,thyroid,_train,ABC,NONE,NONE,0.9,0.898,0.684,0.9,0.73,0.604
51,PCA,thyroid,_train,DTREE,NONE,NONE,0.904,0.91,0.716,0.908,0.76,0.65
52,PCA,thyroid,_train,GNB,NONE,NONE,0.8160000000000001,0.12199999999999996,0.8340000000000002,0.202,0.292,0.092
53,PCA,thyroid,_train,KNN,NONE,NONE,0.8639999999999999,0.924,0.202,0.8960000000000001,0.256,0.13599999999999998
54,PCA,thyroid,_train,LRG,NONE,NONE,0.858,0.9259999999999999,0.07400000000000001,0.892,0.0,0.0
55,PCA,thyroid,_train,MLP,NONE,NONE,0.8699999999999999,0.9179999999999999,0.3,0.8940000000000001,0.4520000000000001,0.24
56,PCA,thyroid,_train,QDA,NONE,NONE,0.8779999999999999,0.474,0.6540000000000001,0.6120000000000001,0.512,0.28
57,PCA,thyroid,_train,RF,NONE,NONE,0.9,0.9179999999999999,0.652,0.908,0.7260000000000001,0.594
58,PCA,thyroid,_train,SGD,NONE,NONE,0.8640000000000001,0.924,0.12200000000000005,0.8939999999999999,0.13599999999999998,0.054000000000000006
59,PCA,thyroid,_train,SVM,NONE,NONE,0.858,0.9259999999999999,0.07400000000000001,0.892,0.0,0.0
60,PCA,wine,_train,ABC,NONE,NONE,0.29600000000000004,0.26,0.8300000000000001,0.274,0.29200000000000004,0.252
61,PCA,wine,_train,DTREE,NONE,NONE,0.29000000000000004,0.292,0.7860000000000001,0.29200000000000004,0.32,0.266
62,PCA,wine,_train,GNB,NONE,NONE,0.28400000000000003,0.29600000000000004,0.7879999999999999,0.28800000000000003,0.334,0.27
63,PCA,wine,_train,KNN,NONE,NONE,0.24,0.20600000000000002,0.7700000000000001,0.21600000000000005,0.27,0.17600000000000002
64,PCA,wine,_train,LRG,NONE,NONE,0.0,0.0,0.91,0.0,0.0,0.0
65,PCA,wine,_train,MLP,NONE,NONE,0.21800000000000005,0.102,0.768,0.126,0.182,0.068
66,PCA,wine,_train,QDA,NONE,NONE,0.272,0.27,0.7959999999999999,0.27,0.28,0.266
67,PCA,wine,_train,RF,NONE,NONE,0.294,0.28600000000000003,0.792,0.292,0.316,0.272
68,PCA,wine,_train,SGD,NONE,NONE,0.07400000000000001,0.194,0.784,0.106,0.0,0.0
69,PCA,wine,_train,SVM,NONE,NONE,0.0,0.0,1.0,0.0,0.0,0.0
70,PCA,contraceptive,_SMOTE,ABC,NONE,NONE,0.2,0.222,0.8080000000000002,0.21,0.28600000000000003,0.15200000000000002
71,PCA,contraceptive,_SMOTE,DTREE,NONE,NONE,0.192,0.20800000000000002,0.804,0.196,0.28,0.136
72,PCA,contraceptive,_SMOTE,GNB,NONE,NONE,0.196,0.18,0.85,0.19,0.27,0.132
73,PCA,contraceptive,_SMOTE,KNN,NONE,NONE,0.194,0.204,0.8160000000000001,0.194,0.276,0.136
74,PCA,contraceptive,_SMOTE,LRG,NONE,NONE,0.202,0.258,0.7740000000000001,0.21600000000000005,0.294,0.15200000000000002
75,PCA,contraceptive,_SMOTE,MLP,NONE,NONE,0.20800000000000002,0.2280000000000001,0.8140000000000001,0.214,0.29200000000000004,0.15800000000000006
76,PCA,contraceptive,_SMOTE,QDA,NONE,NONE,0.214,0.16999999999999998,0.86,0.18600000000000005,0.264,0.128
77,PCA,contraceptive,_SMOTE,RF,NONE,NONE,0.198,0.2280000000000001,0.794,0.21,0.28800000000000003,0.15000000000000002
78,PCA,contraceptive,_SMOTE,SGD,NONE,NONE,0.132,0.2280000000000001,0.778,0.162,0.17600000000000002,0.08399999999999999
79,PCA,contraceptive,_SMOTE,SVM,NONE,NONE,0.156,0.2280000000000001,0.77,0.084,0.028000000000000004,0.002
80,PCA,dermatology,_SMOTE,ABC,NONE,NONE,0.3640000000000001,0.354,0.9399999999999998,0.358,0.366,0.35200000000000004
81,PCA,dermatology,_SMOTE,DTREE,NONE,NONE,0.51,0.502,0.9359999999999999,0.504,0.526,0.4980000000000001
82,PCA,dermatology,_SMOTE,GNB,NONE,NONE,0.46,0.52,0.922,0.48200000000000004,0.522,0.506
83,PCA,dermatology,_SMOTE,KNN,NONE,NONE,0.506,0.512,0.934,0.506,0.518,0.51
84,PCA,dermatology,_SMOTE,LRG,NONE,NONE,0.506,0.502,0.934,0.502,0.516,0.494
85,PCA,dermatology,_SMOTE,MLP,NONE,NONE,0.51,0.512,0.934,0.514,0.524,0.512
86,PCA,dermatology,_SMOTE,QDA,NONE,NONE,0.41,0.474,0.914,0.43,0.4779999999999999,0.4539999999999999
87,PCA,dermatology,_SMOTE,RF,NONE,NONE,0.522,0.522,0.9359999999999999,0.5199999999999999,0.528,0.52
88,PCA,dermatology,_SMOTE,SGD,NONE,NONE,0.442,0.39,0.906,0.374,0.422,0.35600000000000004
89,PCA,dermatology,_SMOTE,SVM,NONE,NONE,0.15,0.194,0.8399999999999999,0.092,0.08800000000000001,0.038
90,PCA,glass,_SMOTE,ABC,NONE,NONE,0.23600000000000004,0.388,0.764,0.29,0.31799999999999995,0.212
91,PCA,glass,_SMOTE,DTREE,NONE,NONE,0.258,0.28,0.8539999999999999,0.262,0.34800000000000003,0.24
92,PCA,glass,_SMOTE,GNB,NONE,NONE,0.32,0.354,0.8480000000000001,0.314,0.39399999999999996,0.27
93,PCA,glass,_SMOTE,KNN,NONE,NONE,0.274,0.29,0.8420000000000001,0.27,0.368,0.242
94,PCA,glass,_SMOTE,LRG,NONE,NONE,0.0,0.0,1.0,0.0,0.0,0.0
95,PCA,glass,_SMOTE,MLP,NONE,NONE,0.29000000000000004,0.382,0.7979999999999999,0.322,0.374,0.26
96,PCA,glass,_SMOTE,QDA,NONE,NONE,0.002,0.052000000000000005,0.948,0.004,0.0,0.0
97,PCA,glass,_SMOTE,RF,NONE,NONE,0.276,0.29,0.8300000000000001,0.276,0.338,0.256
98,PCA,glass,_SMOTE,SGD,NONE,NONE,0.096,0.18,0.8859999999999999,0.11800000000000002,0.152,0.106
99,PCA,glass,_SMOTE,SVM,NONE,NONE,0.0,0.0,1.0,0.0,0.0,0.0
100,PCA,new-thyroid,_SMOTE,ABC,NONE,NONE,0.132,0.126,0.8560000000000001,0.11600000000000002,0.134,0.098
101,PCA,new-thyroid,_SMOTE,DTREE,NONE,NONE,0.136,0.136,0.8619999999999999,0.136,0.14,0.13
102,PCA,new-thyroid,_SMOTE,GNB,NONE,NONE,0.136,0.128,0.8640000000000001,0.132,0.134,0.122
103,PCA,new-thyroid,_SMOTE,KNN,NONE,NONE,0.124,0.132,0.866,0.128,0.136,0.126
104,PCA,new-thyroid,_SMOTE,LRG,NONE,NONE,0.154,0.16799999999999998,0.8539999999999999,0.132,0.138,0.08600000000000001
105,PCA,new-thyroid,_SMOTE,MLP,NONE,NONE,0.136,0.132,0.8640000000000001,0.134,0.138,0.124
106,PCA,new-thyroid,_SMOTE,QDA,NONE,NONE,0.136,0.128,0.8619999999999999,0.132,0.134,0.122
107,PCA,new-thyroid,_SMOTE,RF,NONE,NONE,0.136,0.132,0.8619999999999999,0.134,0.136,0.128
108,PCA,new-thyroid,_SMOTE,SGD,NONE,NONE,0.14400000000000002,0.16399999999999998,0.884,0.136,0.14,0.106
109,PCA,new-thyroid,_SMOTE,SVM,NONE,NONE,0.16,0.18,0.8479999999999999,0.11199999999999999,0.11800000000000002,0.05800000000000001
110,PCA,penbased,_SMOTE,ABC,NONE,NONE,0.13,0.25,0.912,0.15,0.23199999999999998,0.17
111,PCA,penbased,_SMOTE,DTREE,NONE,NONE,0.72,0.716,0.98,0.72,0.7699999999999999,0.7020000000000001
112,PCA,penbased,_SMOTE,GNB,NONE,NONE,0.7060000000000001,0.6799999999999999,0.978,0.6859999999999999,0.7440000000000001,0.664
113,PCA,penbased,_SMOTE,KNN,NONE,NONE,0.7780000000000001,0.768,0.99,0.772,0.78,0.7659999999999999
114,PCA,penbased,_SMOTE,LRG,NONE,NONE,0.7,0.6839999999999999,0.978,0.6860000000000002,0.7460000000000001,0.664
115,PCA,penbased,_SMOTE,MLP,NONE,NONE,0.77,0.772,0.988,0.77,0.78,0.764
116,PCA,penbased,_SMOTE,QDA,NONE,NONE,0.01,0.1,0.9,0.02,0.0,0.0
117,PCA,penbased,_SMOTE,RF,NONE,NONE,0.774,0.772,0.99,0.774,0.782,0.77
118,PCA,penbased,_SMOTE,SGD,NONE,NONE,0.71,0.6779999999999999,0.9740000000000001,0.672,0.7299999999999999,0.6579999999999999
119,PCA,penbased,_SMOTE,SVM,NONE,NONE,0.6940000000000001,0.6579999999999999,0.976,0.6599999999999999,0.72,0.6399999999999999
120,PCA,thyroid,_SMOTE,ABC,NONE,NONE,0.906,0.706,0.8719999999999999,0.7759999999999999,0.748,0.628
121,PCA,thyroid,_SMOTE,DTREE,NONE,NONE,0.906,0.902,0.768,0.906,0.7859999999999999,0.688
122,PCA,thyroid,_SMOTE,GNB,NONE,NONE,0.818,0.12399999999999994,0.8340000000000002,0.204,0.294,0.094
123,PCA,thyroid,_SMOTE,KNN,NONE,NONE,0.868,0.784,0.364,0.826,0.47,0.25999999999999995
124,PCA,thyroid,_SMOTE,LRG,NONE,NONE,0.8740000000000001,0.82,0.406,0.8460000000000001,0.518,0.30799999999999994
125,PCA,thyroid,_SMOTE,MLP,NONE,NONE,0.904,0.906,0.7020000000000001,0.904,0.75,0.63
126,PCA,thyroid,_SMOTE,QDA,NONE,NONE,0.8639999999999999,0.882,0.17800000000000002,0.8720000000000001,0.218,0.096
127,PCA,thyroid,_SMOTE,RF,NONE,NONE,0.908,0.912,0.782,0.91,0.7939999999999999,0.71
128,PCA,thyroid,_SMOTE,SGD,NONE,NONE,0.8759999999999999,0.748,0.452,0.7859999999999999,0.48,0.276
129,PCA,thyroid,_SMOTE,SVM,NONE,NONE,0.86,0.8879999999999999,0.14600000000000002,0.8740000000000001,0.198,0.076
130,PCA,wine,_SMOTE,ABC,NONE,NONE,0.278,0.226,0.8079999999999999,0.244,0.27,0.212
131,PCA,wine,_SMOTE,DTREE,NONE,NONE,0.28800000000000003,0.29600000000000004,0.784,0.29000000000000004,0.336,0.268
132,PCA,wine,_SMOTE,GNB,NONE,NONE,0.28800000000000003,0.29600000000000004,0.79,0.29,0.334,0.272
133,PCA,wine,_SMOTE,KNN,NONE,NONE,0.26,0.254,0.764,0.252,0.312,0.21
134,PCA,wine,_SMOTE,LRG,NONE,NONE,0.048,0.052000000000000005,0.764,0.048,0.08800000000000001,0.02
135,PCA,wine,_SMOTE,MLP,NONE,NONE,0.2,0.196,0.74,0.192,0.248,0.154
136,PCA,wine,_SMOTE,QDA,NONE,NONE,0.278,0.27,0.7979999999999999,0.272,0.282,0.266
137,PCA,wine,_SMOTE,RF,NONE,NONE,0.272,0.276,0.784,0.274,0.294,0.264
138,PCA,wine,_SMOTE,SGD,NONE,NONE,0.05800000000000001,0.07200000000000001,0.836,0.06400000000000003,0.092,0.038000000000000006
139,PCA,wine,_SMOTE,SVM,NONE,NONE,0.0,0.0,1.0,0.0,0.0,0.0
140,PCA,contraceptive,_Borderline1,ABC,NONE,NONE,0.2,0.222,0.8140000000000001,0.20800000000000002,0.28600000000000003,0.152
141,PCA,contraceptive,_Borderline1,DTREE,NONE,NONE,0.182,0.194,0.8,0.182,0.27,0.126
142,PCA,contraceptive,_Borderline1,GNB,NONE,NONE,0.198,0.182,0.852,0.188,0.268,0.134
143,PCA,contraceptive,_Borderline1,KNN,NONE,NONE,0.184,0.196,0.812,0.188,0.274,0.128
144,PCA,contraceptive,_Borderline1,LRG,NONE,NONE,0.2,0.258,0.77,0.21800000000000005,0.294,0.15000000000000002
145,PCA,contraceptive,_Borderline1,MLP,NONE,NONE,0.20800000000000002,0.2240000000000001,0.82,0.212,0.29200000000000004,0.158
146,PCA,contraceptive,_Borderline1,QDA,NONE,NONE,0.214,0.17,0.8619999999999999,0.188,0.264,0.128
147,PCA,contraceptive,_Borderline1,RF,NONE,NONE,0.194,0.2240000000000001,0.79,0.20600000000000002,0.28600000000000003,0.14600000000000002
148,PCA,contraceptive,_Borderline1,SGD,NONE,NONE,0.172,0.22000000000000008,0.812,0.172,0.21600000000000003,0.106
149,PCA,contraceptive,_Borderline1,SVM,NONE,NONE,0.19,0.2280000000000001,0.774,0.084,0.024,0.0
150,PCA,dermatology,_Borderline1,ABC,NONE,NONE,0.29800000000000004,0.28600000000000003,0.9399999999999998,0.292,0.3,0.28600000000000003
151,PCA,dermatology,_Borderline1,DTREE,NONE,NONE,0.506,0.4940000000000001,0.9359999999999999,0.4980000000000001,0.5199999999999999,0.486
152,PCA,dermatology,_Borderline1,GNB,NONE,NONE,0.46,0.52,0.922,0.48200000000000004,0.522,0.506
153,PCA,dermatology,_Borderline1,KNN,NONE,NONE,0.496,0.506,0.932,0.502,0.514,0.502
154,PCA,dermatology,_Borderline1,LRG,NONE,NONE,0.518,0.4560000000000001,0.93,0.476,0.4920000000000001,0.45
155,PCA,dermatology,_Borderline1,MLP,NONE,NONE,0.514,0.51,0.9359999999999999,0.514,0.518,0.508
156,PCA,dermatology,_Borderline1,QDA,NONE,NONE,0.3840000000000001,0.46399999999999997,0.912,0.41200000000000003,0.46799999999999997,0.442
157,PCA,dermatology,_Borderline1,RF,NONE,NONE,0.524,0.5199999999999999,0.938,0.5199999999999999,0.526,0.518
158,PCA,dermatology,_Borderline1,SGD,NONE,NONE,0.4980000000000001,0.48,0.922,0.466,0.4980000000000001,0.446
159,PCA,dermatology,_Borderline1,SVM,NONE,NONE,0.142,0.194,0.8400000000000001,0.092,0.08800000000000001,0.034
160,PCA,glass,_Borderline1,ABC,NONE,NONE,0.23399999999999999,0.314,0.8200000000000001,0.242,0.282,0.188
161,PCA,glass,_Borderline1,DTREE,NONE,NONE,0.31599999999999995,0.314,0.858,0.306,0.388,0.276
162,PCA,glass,_Borderline1,GNB,NONE,NONE,0.316,0.35600000000000004,0.8460000000000001,0.312,0.398,0.27
163,PCA,glass,_Borderline1,KNN,NONE,NONE,0.28600000000000003,0.304,0.8340000000000001,0.284,0.378,0.252
164,PCA,glass,_Borderline1,LRG,NONE,NONE,0.0,0.0,1.0,0.0,0.0,0.0
165,PCA,glass,_Borderline1,MLP,NONE,NONE,0.278,0.376,0.8019999999999999,0.31,0.35800000000000004,0.256
166,PCA,glass,_Borderline1,QDA,NONE,NONE,0.002,0.052000000000000005,0.948,0.004,0.0,0.0
167,PCA,glass,_Borderline1,RF,NONE,NONE,0.29600000000000004,0.304,0.8360000000000001,0.294,0.364,0.268
168,PCA,glass,_Borderline1,SGD,NONE,NONE,0.188,0.28,0.8540000000000001,0.21,0.212,0.158
169,PCA,glass,_Borderline1,SVM,NONE,NONE,0.0,0.0,1.0,0.0,0.0,0.0
170,PCA,new-thyroid,_Borderline1,ABC,NONE,NONE,0.136,0.11,0.8619999999999999,0.118,0.124,0.098
171,PCA,new-thyroid,_Borderline1,DTREE,NONE,NONE,0.132,0.136,0.866,0.134,0.14,0.13
172,PCA,new-thyroid,_Borderline1,GNB,NONE,NONE,0.136,0.128,0.8620000000000001,0.132,0.134,0.122
173,PCA,new-thyroid,_Borderline1,KNN,NONE,NONE,0.124,0.136,0.866,0.13,0.138,0.132
174,PCA,new-thyroid,_Borderline1,LRG,NONE,NONE,0.168,0.228,0.8540000000000001,0.14400000000000002,0.14800000000000002,0.086
175,PCA,new-thyroid,_Borderline1,MLP,NONE,NONE,0.128,0.14,0.8640000000000001,0.134,0.14200000000000002,0.132
176,PCA,new-thyroid,_Borderline1,QDA,NONE,NONE,0.136,0.128,0.8619999999999999,0.132,0.134,0.122
177,PCA,new-thyroid,_Borderline1,RF,NONE,NONE,0.136,0.132,0.8619999999999999,0.134,0.136,0.128
178,PCA,new-thyroid,_Borderline1,SGD,NONE,NONE,0.122,0.18,0.8759999999999999,0.124,0.14400000000000002,0.11
179,PCA,new-thyroid,_Borderline1,SVM,NONE,NONE,0.17,0.20600000000000002,0.8479999999999999,0.114,0.11200000000000004,0.046000000000000006
180,PCA,penbased,_Borderline1,ABC,NONE,NONE,0.13,0.25,0.912,0.15,0.23199999999999998,0.17
181,PCA,penbased,_Borderline1,DTREE,NONE,NONE,0.716,0.7120000000000001,0.98,0.7100000000000001,0.7699999999999999,0.6920000000000001
182,PCA,penbased,_Borderline1,GNB,NONE,NONE,0.7020000000000001,0.6799999999999999,0.9740000000000001,0.6839999999999999,0.7440000000000001,0.664
183,PCA,penbased,_Borderline1,KNN,NONE,NONE,0.7780000000000001,0.774,0.99,0.7760000000000001,0.78,0.77
184,PCA,penbased,_Borderline1,LRG,NONE,NONE,0.7,0.682,0.978,0.682,0.7459999999999999,0.6639999999999999
185,PCA,penbased,_Borderline1,MLP,NONE,NONE,0.772,0.768,0.986,0.768,0.782,0.762
186,PCA,penbased,_Borderline1,QDA,NONE,NONE,0.01,0.1,0.9,0.02,0.0,0.0
187,PCA,penbased,_Borderline1,RF,NONE,NONE,0.7760000000000001,0.77,0.988,0.774,0.782,0.77
188,PCA,penbased,_Borderline1,SGD,NONE,NONE,0.7020000000000001,0.6579999999999999,0.974,0.6559999999999999,0.716,0.6379999999999999
189,PCA,penbased,_Borderline1,SVM,NONE,NONE,0.6940000000000001,0.662,0.978,0.6679999999999999,0.7219999999999999,0.644
190,PCA,thyroid,_Borderline1,ABC,NONE,NONE,0.912,0.8539999999999999,0.8400000000000001,0.882,0.7959999999999999,0.7040000000000001
191,PCA,thyroid,_Borderline1,DTREE,NONE,NONE,0.906,0.91,0.7180000000000001,0.908,0.7659999999999999,0.6479999999999999
192,PCA,thyroid,_Borderline1,GNB,NONE,NONE,0.8619999999999999,0.19,0.8380000000000001,0.302,0.374,0.14400000000000002
193,PCA,thyroid,_Borderline1,KNN,NONE,NONE,0.8720000000000001,0.8340000000000001,0.364,0.8539999999999999,0.484,0.276
194,PCA,thyroid,_Borderline1,LRG,NONE,NONE,0.8759999999999999,0.8,0.422,0.8340000000000001,0.524,0.31399999999999995
195,PCA,thyroid,_Borderline1,MLP,NONE,NONE,0.9,0.908,0.67,0.904,0.736,0.61
196,PCA,thyroid,_Borderline1,QDA,NONE,NONE,0.8699999999999999,0.8539999999999999,0.25,0.8539999999999999,0.20800000000000002,0.126
197,PCA,thyroid,_Borderline1,RF,NONE,NONE,0.904,0.912,0.716,0.91,0.7619999999999999,0.65
198,PCA,thyroid,_Borderline1,SGD,NONE,NONE,0.89,0.6799999999999999,0.6459999999999999,0.7540000000000001,0.584,0.386
199,PCA,thyroid,_Borderline1,SVM,NONE,NONE,0.8619999999999999,0.8800000000000001,0.18,0.868,0.27399999999999997,0.11
200,PCA,wine,_Borderline1,ABC,NONE,NONE,0.272,0.27,0.7959999999999999,0.268,0.28200000000000003,0.248
201,PCA,wine,_Borderline1,DTREE,NONE,NONE,0.28400000000000003,0.298,0.7859999999999999,0.28800000000000003,0.33,0.27
202,PCA,wine,_Borderline1,GNB,NONE,NONE,0.28800000000000003,0.30200000000000005,0.7879999999999999,0.294,0.34,0.272
203,PCA,wine,_Borderline1,KNN,NONE,NONE,0.242,0.23200000000000004,0.75,0.23,0.292,0.188
204,PCA,wine,_Borderline1,LRG,NONE,NONE,0.052000000000000005,0.057999999999999996,0.76,0.054000000000000006,0.09000000000000001,0.022
205,PCA,wine,_Borderline1,MLP,NONE,NONE,0.23199999999999998,0.212,0.7440000000000001,0.214,0.28400000000000003,0.16199999999999998
206,PCA,wine,_Borderline1,QDA,NONE,NONE,0.272,0.27,0.7959999999999999,0.27,0.28,0.266
207,PCA,wine,_Borderline1,RF,NONE,NONE,0.27,0.27,0.7859999999999999,0.27,0.28,0.264
208,PCA,wine,_Borderline1,SGD,NONE,NONE,0.136,0.276,0.6779999999999999,0.172,0.08399999999999999,0.04
209,PCA,wine,_Borderline1,SVM,NONE,NONE,0.0,0.0,1.0,0.0,0.0,0.0
210,PCA,contraceptive,_Borderline2,ABC,NONE,NONE,0.2,0.218,0.8119999999999999,0.204,0.28200000000000003,0.14800000000000002
211,PCA,contraceptive,_Borderline2,DTREE,NONE,NONE,0.194,0.21,0.8079999999999999,0.194,0.28200000000000003,0.136
212,PCA,contraceptive,_Borderline2,GNB,NONE,NONE,0.196,0.17800000000000002,0.8480000000000001,0.188,0.268,0.132
213,PCA,contraceptive,_Borderline2,KNN,NONE,NONE,0.196,0.204,0.8140000000000001,0.194,0.278,0.134
214,PCA,contraceptive,_Borderline2,LRG,NONE,NONE,0.20600000000000002,0.262,0.772,0.22000000000000008,0.298,0.156
215,PCA,contraceptive,_Borderline2,MLP,NONE,NONE,0.204,0.226,0.8160000000000001,0.21,0.29000000000000004,0.15800000000000006
216,PCA,contraceptive,_Borderline2,QDA,NONE,NONE,0.21800000000000005,0.16999999999999998,0.86,0.188,0.264,0.128
217,PCA,contraceptive,_Borderline2,RF,NONE,NONE,0.194,0.2240000000000001,0.7939999999999999,0.204,0.28600000000000003,0.14400000000000002
218,PCA,contraceptive,_Borderline2,SGD,NONE,NONE,0.20600000000000002,0.264,0.764,0.16599999999999998,0.18600000000000005,0.08
219,PCA,contraceptive,_Borderline2,SVM,NONE,NONE,0.19,0.2280000000000001,0.774,0.084,0.024,0.0
220,PCA,dermatology,_Borderline2,ABC,NONE,NONE,0.21800000000000005,0.30599999999999994,0.884,0.228,0.25,0.21
221,PCA,dermatology,_Borderline2,DTREE,NONE,NONE,0.51,0.4940000000000001,0.938,0.4980000000000001,0.514,0.486
222,PCA,dermatology,_Borderline2,GNB,NONE,NONE,0.446,0.48200000000000004,0.92,0.454,0.506,0.458
223,PCA,dermatology,_Borderline2,KNN,NONE,NONE,0.506,0.4980000000000001,0.9359999999999999,0.5,0.512,0.4920000000000001
224,PCA,dermatology,_Borderline2,LRG,NONE,NONE,0.518,0.442,0.9280000000000002,0.46799999999999997,0.48200000000000004,0.4360000000000001
225,PCA,dermatology,_Borderline2,MLP,NONE,NONE,0.52,0.508,0.938,0.514,0.516,0.506
226,PCA,dermatology,_Borderline2,QDA,NONE,NONE,0.398,0.466,0.916,0.424,0.4779999999999999,0.4440000000000001
227,PCA,dermatology,_Borderline2,RF,NONE,NONE,0.518,0.514,0.938,0.514,0.5199999999999999,0.514
228,PCA,dermatology,_Borderline2,SGD,NONE,NONE,0.454,0.37,0.924,0.364,0.414,0.34600000000000003
229,PCA,dermatology,_Borderline2,SVM,NONE,NONE,0.106,0.17800000000000002,0.8379999999999999,0.07200000000000001,0.05600000000000002,0.016
230,PCA,glass,_Borderline2,ABC,NONE,NONE,0.238,0.362,0.784,0.27399999999999997,0.324,0.214
231,PCA,glass,_Borderline2,DTREE,NONE,NONE,0.28400000000000003,0.29200000000000004,0.8340000000000001,0.274,0.35600000000000004,0.242
232,PCA,glass,_Borderline2,GNB,NONE,NONE,0.3,0.33799999999999997,0.8640000000000001,0.29600000000000004,0.39,0.264
233,PCA,glass,_Borderline2,KNN,NONE,NONE,0.29,0.302,0.836,0.282,0.378,0.256
234,PCA,glass,_Borderline2,LRG,NONE,NONE,0.0,0.0,1.0,0.0,0.0,0.0
235,PCA,glass,_Borderline2,MLP,NONE,NONE,0.262,0.35600000000000004,0.8,0.294,0.34400000000000003,0.246
236,PCA,glass,_Borderline2,QDA,NONE,NONE,0.002,0.052000000000000005,0.948,0.004,0.0,0.0
237,PCA,glass,_Borderline2,RF,NONE,NONE,0.298,0.31,0.8300000000000001,0.29600000000000004,0.364,0.27
238,PCA,glass,_Borderline2,SGD,NONE,NONE,0.146,0.23,0.85,0.158,0.142,0.102
239,PCA,glass,_Borderline2,SVM,NONE,NONE,0.0,0.0,1.0,0.0,0.0,0.0
240,PCA,new-thyroid,_Borderline2,ABC,NONE,NONE,0.094,0.098,0.8639999999999999,0.086,0.106,0.08199999999999999
241,PCA,new-thyroid,_Borderline2,DTREE,NONE,NONE,0.10400000000000001,0.146,0.8720000000000001,0.12,0.142,0.132
242,PCA,new-thyroid,_Borderline2,GNB,NONE,NONE,0.132,0.128,0.8640000000000001,0.13,0.134,0.122
243,PCA,new-thyroid,_Borderline2,KNN,NONE,NONE,0.118,0.136,0.8719999999999999,0.126,0.136,0.132
244,PCA,new-thyroid,_Borderline2,LRG,NONE,NONE,0.168,0.228,0.8540000000000001,0.14400000000000002,0.14800000000000002,0.086
245,PCA,new-thyroid,_Borderline2,MLP,NONE,NONE,0.126,0.14400000000000002,0.868,0.134,0.14200000000000002,0.138
246,PCA,new-thyroid,_Borderline2,QDA,NONE,NONE,0.132,0.132,0.8640000000000001,0.132,0.138,0.124
247,PCA,new-thyroid,_Borderline2,RF,NONE,NONE,0.122,0.136,0.8699999999999999,0.128,0.136,0.132
248,PCA,new-thyroid,_Borderline2,SGD,NONE,NONE,0.15400000000000005,0.21,0.86,0.14200000000000002,0.156,0.10400000000000001
249,PCA,new-thyroid,_Borderline2,SVM,NONE,NONE,0.17,0.20600000000000002,0.8479999999999999,0.114,0.11200000000000004,0.046000000000000006
250,PCA,penbased,_Borderline2,ABC,NONE,NONE,0.132,0.25,0.91,0.15,0.226,0.17
251,PCA,penbased,_Borderline2,DTREE,NONE,NONE,0.7140000000000001,0.7140000000000001,0.978,0.7140000000000001,0.774,0.696
252,PCA,penbased,_Borderline2,GNB,NONE,NONE,0.7060000000000001,0.6799999999999999,0.9759999999999998,0.6859999999999999,0.746,0.664
253,PCA,penbased,_Borderline2,KNN,NONE,NONE,0.7760000000000001,0.774,0.99,0.7740000000000001,0.782,0.77
254,PCA,penbased,_Borderline2,LRG,NONE,NONE,0.7,0.682,0.978,0.682,0.7459999999999999,0.6639999999999999
255,PCA,penbased,_Borderline2,MLP,NONE,NONE,0.7759999999999999,0.774,0.988,0.774,0.782,0.768
256,PCA,penbased,_Borderline2,QDA,NONE,NONE,0.01,0.1,0.9,0.02,0.0,0.0
257,PCA,penbased,_Borderline2,RF,NONE,NONE,0.774,0.77,0.988,0.774,0.782,0.7659999999999999
258,PCA,penbased,_Borderline2,SGD,NONE,NONE,0.6900000000000001,0.662,0.976,0.6619999999999999,0.718,0.6420000000000001
259,PCA,penbased,_Borderline2,SVM,NONE,NONE,0.6940000000000001,0.662,0.978,0.6679999999999999,0.7219999999999999,0.642
260,PCA,thyroid,_Borderline2,ABC,NONE,NONE,0.914,0.768,0.828,0.8320000000000001,0.772,0.632
261,PCA,thyroid,_Borderline2,DTREE,NONE,NONE,0.9259999999999999,0.898,0.882,0.91,0.8619999999999999,0.7879999999999999
262,PCA,thyroid,_Borderline2,GNB,NONE,NONE,0.8639999999999999,0.20600000000000002,0.8240000000000001,0.3,0.39,0.15599999999999994
263,PCA,thyroid,_Borderline2,KNN,NONE,NONE,0.8740000000000001,0.8299999999999998,0.382,0.85,0.498,0.292
264,PCA,thyroid,_Borderline2,LRG,NONE,NONE,0.8759999999999999,0.804,0.422,0.836,0.526,0.316
265,PCA,thyroid,_Borderline2,MLP,NONE,NONE,0.902,0.908,0.6759999999999999,0.906,0.742,0.61
266,PCA,thyroid,_Borderline2,QDA,NONE,NONE,0.8700000000000001,0.72,0.392,0.774,0.362,0.19
267,PCA,thyroid,_Borderline2,RF,NONE,NONE,0.9179999999999999,0.912,0.8800000000000001,0.916,0.8619999999999999,0.8019999999999999
268,PCA,thyroid,_Borderline2,SGD,NONE,NONE,0.884,0.8,0.4980000000000001,0.82,0.5559999999999999,0.34600000000000003
269,PCA,thyroid,_Borderline2,SVM,NONE,NONE,0.8619999999999999,0.884,0.162,0.8720000000000001,0.25,0.092
270,PCA,wine,_Borderline2,ABC,NONE,NONE,0.276,0.266,0.8099999999999999,0.27,0.28,0.254
271,PCA,wine,_Borderline2,DTREE,NONE,NONE,0.274,0.282,0.772,0.276,0.308,0.258
272,PCA,wine,_Borderline2,GNB,NONE,NONE,0.28800000000000003,0.30200000000000005,0.7859999999999999,0.294,0.33799999999999997,0.272
273,PCA,wine,_Borderline2,KNN,NONE,NONE,0.25,0.248,0.7559999999999999,0.248,0.31,0.2
274,PCA,wine,_Borderline2,LRG,NONE,NONE,0.048,0.052000000000000005,0.7559999999999999,0.048,0.08800000000000001,0.018000000000000002
275,PCA,wine,_Borderline2,MLP,NONE,NONE,0.238,0.21800000000000005,0.746,0.2220000000000001,0.29000000000000004,0.16799999999999998
276,PCA,wine,_Borderline2,QDA,NONE,NONE,0.272,0.27,0.792,0.27,0.28,0.264
277,PCA,wine,_Borderline2,RF,NONE,NONE,0.27,0.276,0.784,0.272,0.292,0.264
278,PCA,wine,_Borderline2,SGD,NONE,NONE,0.048,0.06,0.828,0.052000000000000005,0.08,0.034
279,PCA,wine,_Borderline2,SVM,NONE,NONE,0.0,0.0,1.0,0.0,0.0,0.0
280,PCA,contraceptive,_smoteSVM,ABC,NONE,NONE,0.2,0.2240000000000001,0.812,0.20800000000000002,0.28600000000000003,0.15200000000000002
281,PCA,contraceptive,_smoteSVM,DTREE,NONE,NONE,0.17800000000000002,0.196,0.794,0.182,0.268,0.124
282,PCA,contraceptive,_smoteSVM,GNB,NONE,NONE,0.194,0.18600000000000005,0.8459999999999999,0.19,0.268,0.134
283,PCA,contraceptive,_smoteSVM,KNN,NONE,NONE,0.202,0.212,0.8140000000000001,0.2,0.28600000000000003,0.14200000000000002
284,PCA,contraceptive,_smoteSVM,LRG,NONE,NONE,0.204,0.252,0.7780000000000001,0.21600000000000005,0.294,0.14800000000000002
285,PCA,contraceptive,_smoteSVM,MLP,NONE,NONE,0.2,0.2240000000000001,0.8079999999999999,0.212,0.28800000000000003,0.15600000000000006
286,PCA,contraceptive,_smoteSVM,QDA,NONE,NONE,0.21600000000000005,0.174,0.858,0.188,0.268,0.132
287,PCA,contraceptive,_smoteSVM,RF,NONE,NONE,0.194,0.2280000000000001,0.7939999999999999,0.20800000000000002,0.28800000000000003,0.14800000000000002
288,PCA,contraceptive,_smoteSVM,SGD,NONE,NONE,0.146,0.20600000000000002,0.794,0.142,0.182,0.08399999999999999
289,PCA,contraceptive,_smoteSVM,SVM,NONE,NONE,0.19,0.2280000000000001,0.772,0.084,0.024,0.0
290,PCA,dermatology,_smoteSVM,ABC,NONE,NONE,0.29600000000000004,0.29400000000000004,0.9399999999999998,0.29600000000000004,0.304,0.29400000000000004
291,PCA,dermatology,_smoteSVM,DTREE,NONE,NONE,0.488,0.4940000000000001,0.93,0.488,0.512,0.486
292,PCA,dermatology,_smoteSVM,GNB,NONE,NONE,0.4560000000000001,0.518,0.9200000000000002,0.4779999999999999,0.514,0.504
293,PCA,dermatology,_smoteSVM,KNN,NONE,NONE,0.5040000000000001,0.508,0.934,0.504,0.52,0.504
294,PCA,dermatology,_smoteSVM,LRG,NONE,NONE,0.504,0.494,0.932,0.496,0.512,0.484
295,PCA,dermatology,_smoteSVM,MLP,NONE,NONE,0.508,0.5119999999999999,0.934,0.514,0.518,0.51
296,PCA,dermatology,_smoteSVM,QDA,NONE,NONE,0.398,0.4699999999999999,0.914,0.42,0.476,0.45
297,PCA,dermatology,_smoteSVM,RF,NONE,NONE,0.522,0.516,0.938,0.516,0.524,0.514
298,PCA,dermatology,_smoteSVM,SGD,NONE,NONE,0.48200000000000004,0.48,0.924,0.466,0.496,0.466
299,PCA,dermatology,_smoteSVM,SVM,NONE,NONE,0.18,0.196,0.8400000000000001,0.1,0.102,0.036000000000000004
300,PCA,glass,_smoteSVM,ABC,NONE,NONE,0.264,0.398,0.7859999999999999,0.308,0.35,0.254
301,PCA,glass,_smoteSVM,DTREE,NONE,NONE,0.26,0.258,0.8280000000000001,0.248,0.324,0.21600000000000003
302,PCA,glass,_smoteSVM,GNB,NONE,NONE,0.34,0.388,0.8420000000000001,0.34,0.414,0.292
303,PCA,glass,_smoteSVM,KNN,NONE,NONE,0.278,0.29600000000000004,0.8340000000000001,0.278,0.3700000000000001,0.25
304,PCA,glass,_smoteSVM,LRG,NONE,NONE,0.0,0.0,1.0,0.0,0.0,0.0
305,PCA,glass,_smoteSVM,MLP,NONE,NONE,0.26,0.36,0.8180000000000002,0.294,0.35,0.242
306,PCA,glass,_smoteSVM,QDA,NONE,NONE,0.002,0.052000000000000005,0.948,0.004,0.0,0.0
307,PCA,glass,_smoteSVM,RF,NONE,NONE,0.284,0.278,0.8220000000000001,0.274,0.33,0.24
308,PCA,glass,_smoteSVM,SGD,NONE,NONE,0.154,0.276,0.7979999999999999,0.18600000000000005,0.16999999999999998,0.11
309,PCA,glass,_smoteSVM,SVM,NONE,NONE,0.0,0.0,1.0,0.0,0.0,0.0
310,PCA,new-thyroid,_smoteSVM,ABC,NONE,NONE,0.16,0.23800000000000004,0.858,0.156,0.172,0.12000000000000002
311,PCA,new-thyroid,_smoteSVM,DTREE,NONE,NONE,0.124,0.14,0.866,0.132,0.14,0.134
312,PCA,new-thyroid,_smoteSVM,GNB,NONE,NONE,0.136,0.128,0.8620000000000001,0.132,0.134,0.122
313,PCA,new-thyroid,_smoteSVM,KNN,NONE,NONE,0.124,0.136,0.866,0.13,0.138,0.132
314,PCA,new-thyroid,_smoteSVM,LRG,NONE,NONE,0.16,0.19,0.8560000000000001,0.14200000000000002,0.14600000000000002,0.094
315,PCA,new-thyroid,_smoteSVM,MLP,NONE,NONE,0.136,0.128,0.8619999999999999,0.132,0.134,0.122
316,PCA,new-thyroid,_smoteSVM,QDA,NONE,NONE,0.136,0.128,0.8619999999999999,0.132,0.134,0.122
317,PCA,new-thyroid,_smoteSVM,RF,NONE,NONE,0.132,0.132,0.8640000000000001,0.132,0.136,0.128
318,PCA,new-thyroid,_smoteSVM,SGD,NONE,NONE,0.094,0.16399999999999998,0.8699999999999999,0.1,0.11400000000000005,0.07400000000000001
319,PCA,new-thyroid,_smoteSVM,SVM,NONE,NONE,0.166,0.20600000000000002,0.8479999999999999,0.118,0.124,0.05800000000000001
320,PCA,penbased,_smoteSVM,ABC,NONE,NONE,0.13,0.25,0.912,0.14800000000000002,0.23199999999999998,0.17
321,PCA,penbased,_smoteSVM,DTREE,NONE,NONE,0.7120000000000001,0.71,0.98,0.7099999999999999,0.7659999999999999,0.6920000000000001
322,PCA,penbased,_smoteSVM,GNB,NONE,NONE,0.7020000000000001,0.6799999999999999,0.9740000000000001,0.6839999999999999,0.7440000000000001,0.664
323,PCA,penbased,_smoteSVM,KNN,NONE,NONE,0.774,0.77,0.99,0.774,0.7780000000000001,0.764
324,PCA,penbased,_smoteSVM,LRG,NONE,NONE,0.696,0.68,0.978,0.6799999999999999,0.7440000000000001,0.662
325,PCA,penbased,_smoteSVM,MLP,NONE,NONE,0.772,0.772,0.988,0.772,0.782,0.77
326,PCA,penbased,_smoteSVM,QDA,NONE,NONE,0.01,0.1,0.9,0.02,0.0,0.0
327,PCA,penbased,_smoteSVM,RF,NONE,NONE,0.7760000000000001,0.772,0.99,0.774,0.782,0.7659999999999999
328,PCA,penbased,_smoteSVM,SGD,NONE,NONE,0.7060000000000001,0.69,0.98,0.6900000000000001,0.736,0.6779999999999999
329,PCA,penbased,_smoteSVM,SVM,NONE,NONE,0.6920000000000001,0.66,0.978,0.6659999999999999,0.7240000000000001,0.64
330,PCA,thyroid,_smoteSVM,ABC,NONE,NONE,0.8940000000000001,0.75,0.722,0.79,0.6719999999999999,0.522
331,PCA,thyroid,_smoteSVM,DTREE,NONE,NONE,0.906,0.902,0.74,0.904,0.774,0.6659999999999999
332,PCA,thyroid,_smoteSVM,GNB,NONE,NONE,0.8240000000000001,0.13799999999999998,0.8360000000000001,0.2240000000000001,0.31,0.10400000000000001
333,PCA,thyroid,_smoteSVM,KNN,NONE,NONE,0.8699999999999999,0.8539999999999999,0.332,0.8640000000000001,0.454,0.248
334,PCA,thyroid,_smoteSVM,LRG,NONE,NONE,0.86,0.912,0.16599999999999998,0.8859999999999999,0.21600000000000005,0.096
335,PCA,thyroid,_smoteSVM,MLP,NONE,NONE,0.8939999999999999,0.91,0.608,0.902,0.6920000000000001,0.546
336,PCA,thyroid,_smoteSVM,QDA,NONE,NONE,0.8559999999999999,0.916,0.07400000000000001,0.8860000000000001,0.0,0.0
337,PCA,thyroid,_smoteSVM,RF,NONE,NONE,0.904,0.9179999999999999,0.7220000000000001,0.91,0.764,0.6599999999999999
338,PCA,thyroid,_smoteSVM,SGD,NONE,NONE,0.8700000000000001,0.7659999999999999,0.354,0.7879999999999999,0.402,0.182
339,PCA,thyroid,_smoteSVM,SVM,NONE,NONE,0.858,0.908,0.11,0.882,0.11400000000000005,0.038
340,PCA,wine,_smoteSVM,ABC,NONE,NONE,0.272,0.242,0.8059999999999999,0.254,0.266,0.236
341,PCA,wine,_smoteSVM,DTREE,NONE,NONE,0.28600000000000003,0.28200000000000003,0.7819999999999999,0.284,0.32199999999999995,0.252
342,PCA,wine,_smoteSVM,GNB,NONE,NONE,0.28200000000000003,0.29600000000000004,0.7859999999999999,0.28600000000000003,0.332,0.268
343,PCA,wine,_smoteSVM,KNN,NONE,NONE,0.252,0.242,0.7659999999999999,0.244,0.306,0.198
344,PCA,wine,_smoteSVM,LRG,NONE,NONE,0.048,0.052000000000000005,0.76,0.048,0.08800000000000001,0.02
345,PCA,wine,_smoteSVM,MLP,NONE,NONE,0.204,0.20800000000000002,0.742,0.202,0.262,0.16
346,PCA,wine,_smoteSVM,QDA,NONE,NONE,0.272,0.27,0.7959999999999999,0.27,0.28,0.266
347,PCA,wine,_smoteSVM,RF,NONE,NONE,0.272,0.266,0.7859999999999999,0.268,0.278,0.258
348,PCA,wine,_smoteSVM,SGD,NONE,NONE,0.098,0.212,0.738,0.128,0.094,0.04
349,PCA,wine,_smoteSVM,SVM,NONE,NONE,0.0,0.0,1.0,0.0,0.0,0.0
350,PCA,contraceptive,_Geometric_SMOTE,ABC,NONE,NONE,0.20800000000000002,0.252,0.8019999999999999,0.22399999999999998,0.30000000000000004,0.168
351,PCA,contraceptive,_Geometric_SMOTE,DTREE,NONE,NONE,0.18000000000000002,0.202,0.7979999999999999,0.188,0.272,0.128
352,PCA,contraceptive,_Geometric_SMOTE,GNB,NONE,NONE,0.202,0.202,0.836,0.2,0.278,0.14400000000000002
353,PCA,contraceptive,_Geometric_SMOTE,KNN,NONE,NONE,0.202,0.20800000000000002,0.8140000000000001,0.2,0.28400000000000003,0.14
354,PCA,contraceptive,_Geometric_SMOTE,LRG,NONE,NONE,0.204,0.262,0.77,0.22000000000000008,0.298,0.154
355,PCA,contraceptive,_Geometric_SMOTE,MLP,NONE,NONE,0.204,0.23200000000000004,0.812,0.214,0.29200000000000004,0.16
356,PCA,contraceptive,_Geometric_SMOTE,QDA,NONE,NONE,0.204,0.18600000000000005,0.8400000000000001,0.194,0.272,0.136
357,PCA,contraceptive,_Geometric_SMOTE,RF,NONE,NONE,0.192,0.23,0.784,0.20800000000000002,0.28800000000000003,0.15200000000000002
358,PCA,contraceptive,_Geometric_SMOTE,SGD,NONE,NONE,0.124,0.2280000000000001,0.7739999999999999,0.146,0.12000000000000002,0.052000000000000005
359,PCA,contraceptive,_Geometric_SMOTE,SVM,NONE,NONE,0.19,0.2280000000000001,0.772,0.084,0.024,0.0
360,PCA,dermatology,_Geometric_SMOTE,ABC,NONE,NONE,0.326,0.388,0.8940000000000001,0.31799999999999995,0.344,0.29600000000000004
361,PCA,dermatology,_Geometric_SMOTE,DTREE,NONE,NONE,0.4960000000000001,0.4900000000000001,0.938,0.488,0.512,0.478
362,PCA,dermatology,_Geometric_SMOTE,GNB,NONE,NONE,0.442,0.4,0.9280000000000002,0.402,0.442,0.384
363,PCA,dermatology,_Geometric_SMOTE,KNN,NONE,NONE,0.504,0.5,0.934,0.5,0.516,0.494
364,PCA,dermatology,_Geometric_SMOTE,LRG,NONE,NONE,0.508,0.488,0.932,0.496,0.512,0.48200000000000004
365,PCA,dermatology,_Geometric_SMOTE,MLP,NONE,NONE,0.512,0.52,0.938,0.516,0.53,0.518
366,PCA,dermatology,_Geometric_SMOTE,QDA,NONE,NONE,0.4859999999999999,0.4859999999999999,0.932,0.4779999999999999,0.51,0.472
367,PCA,dermatology,_Geometric_SMOTE,RF,NONE,NONE,0.522,0.516,0.938,0.518,0.524,0.512
368,PCA,dermatology,_Geometric_SMOTE,SGD,NONE,NONE,0.476,0.4400000000000001,0.9259999999999999,0.4380000000000001,0.46799999999999997,0.4280000000000001
369,PCA,dermatology,_Geometric_SMOTE,SVM,NONE,NONE,0.16799999999999998,0.198,0.8420000000000001,0.096,0.102,0.042
370,PCA,glass,_Geometric_SMOTE,ABC,NONE,NONE,0.198,0.326,0.8160000000000001,0.23399999999999999,0.274,0.18000000000000002
371,PCA,glass,_Geometric_SMOTE,DTREE,NONE,NONE,0.276,0.276,0.8340000000000001,0.264,0.348,0.23399999999999999
372,PCA,glass,_Geometric_SMOTE,GNB,NONE,NONE,0.276,0.358,0.8059999999999999,0.30600000000000005,0.35200000000000004,0.238
373,PCA,glass,_Geometric_SMOTE,KNN,NONE,NONE,0.284,0.308,0.836,0.28600000000000003,0.38,0.26
374,PCA,glass,_Geometric_SMOTE,LRG,NONE,NONE,0.0,0.0,1.0,0.0,0.0,0.0
375,PCA,glass,_Geometric_SMOTE,MLP,NONE,NONE,0.28600000000000003,0.35600000000000004,0.8019999999999999,0.31000000000000005,0.36200000000000004,0.246
376,PCA,glass,_Geometric_SMOTE,QDA,NONE,NONE,0.278,0.30000000000000004,0.8320000000000001,0.278,0.336,0.22399999999999998
377,PCA,glass,_Geometric_SMOTE,RF,NONE,NONE,0.254,0.272,0.812,0.256,0.316,0.242
378,PCA,glass,_Geometric_SMOTE,SGD,NONE,NONE,0.132,0.162,0.9280000000000002,0.132,0.172,0.11800000000000002
379,PCA,glass,_Geometric_SMOTE,SVM,NONE,NONE,0.0,0.0,1.0,0.0,0.0,0.0
380,PCA,new-thyroid,_Geometric_SMOTE,ABC,NONE,NONE,0.096,0.098,0.86,0.096,0.106,0.09
381,PCA,new-thyroid,_Geometric_SMOTE,DTREE,NONE,NONE,0.12,0.136,0.868,0.128,0.138,0.132
382,PCA,new-thyroid,_Geometric_SMOTE,GNB,NONE,NONE,0.136,0.122,0.8640000000000001,0.128,0.132,0.114
383,PCA,new-thyroid,_Geometric_SMOTE,KNN,NONE,NONE,0.124,0.128,0.8640000000000001,0.126,0.134,0.12
384,PCA,new-thyroid,_Geometric_SMOTE,LRG,NONE,NONE,0.154,0.16399999999999998,0.8539999999999999,0.126,0.134,0.08199999999999999
385,PCA,new-thyroid,_Geometric_SMOTE,MLP,NONE,NONE,0.132,0.128,0.866,0.13,0.134,0.122
386,PCA,new-thyroid,_Geometric_SMOTE,QDA,NONE,NONE,0.136,0.132,0.86,0.134,0.138,0.124
387,PCA,new-thyroid,_Geometric_SMOTE,RF,NONE,NONE,0.128,0.136,0.866,0.132,0.138,0.134
388,PCA,new-thyroid,_Geometric_SMOTE,SGD,NONE,NONE,0.128,0.154,0.904,0.124,0.136,0.10800000000000001
389,PCA,new-thyroid,_Geometric_SMOTE,SVM,NONE,NONE,0.162,0.18,0.8479999999999999,0.11199999999999999,0.11800000000000002,0.05800000000000001
390,PCA,penbased,_Geometric_SMOTE,ABC,NONE,NONE,0.14400000000000002,0.254,0.912,0.156,0.23199999999999998,0.174
391,PCA,penbased,_Geometric_SMOTE,DTREE,NONE,NONE,0.7260000000000001,0.7240000000000001,0.98,0.722,0.78,0.708
392,PCA,penbased,_Geometric_SMOTE,GNB,NONE,NONE,0.708,0.6859999999999999,0.978,0.69,0.748,0.67
393,PCA,penbased,_Geometric_SMOTE,KNN,NONE,NONE,0.7780000000000001,0.77,0.99,0.774,0.78,0.768
394,PCA,penbased,_Geometric_SMOTE,LRG,NONE,NONE,0.698,0.682,0.978,0.682,0.7459999999999999,0.6639999999999999
395,PCA,penbased,_Geometric_SMOTE,MLP,NONE,NONE,0.768,0.7659999999999999,0.988,0.7659999999999999,0.7780000000000001,0.762
396,PCA,penbased,_Geometric_SMOTE,QDA,NONE,NONE,0.62,0.636,0.97,0.62,0.6280000000000001,0.61
397,PCA,penbased,_Geometric_SMOTE,RF,NONE,NONE,0.774,0.768,0.988,0.7699999999999999,0.782,0.7659999999999999
398,PCA,penbased,_Geometric_SMOTE,SGD,NONE,NONE,0.7000000000000001,0.6779999999999999,0.978,0.6779999999999999,0.736,0.6580000000000001
399,PCA,penbased,_Geometric_SMOTE,SVM,NONE,NONE,0.6920000000000001,0.6599999999999999,0.976,0.662,0.718,0.6399999999999999
400,PCA,thyroid,_Geometric_SMOTE,ABC,NONE,NONE,0.908,0.858,0.7699999999999999,0.8800000000000001,0.7699999999999999,0.654
401,PCA,thyroid,_Geometric_SMOTE,DTREE,NONE,NONE,0.9179999999999999,0.904,0.7959999999999999,0.908,0.812,0.716
402,PCA,thyroid,_Geometric_SMOTE,GNB,NONE,NONE,0.884,0.242,0.8420000000000001,0.38,0.434,0.192
403,PCA,thyroid,_Geometric_SMOTE,KNN,NONE,NONE,0.8619999999999999,0.8340000000000001,0.23199999999999998,0.8459999999999999,0.31399999999999995,0.15
404,PCA,thyroid,_Geometric_SMOTE,LRG,NONE,NONE,0.8740000000000001,0.828,0.39,0.85,0.504,0.29599999999999993
405,PCA,thyroid,_Geometric_SMOTE,MLP,NONE,NONE,0.906,0.884,0.716,0.8960000000000001,0.758,0.6319999999999999
406,PCA,thyroid,_Geometric_SMOTE,QDA,NONE,NONE,0.906,0.5700000000000001,0.8099999999999999,0.624,0.5800000000000001,0.408
407,PCA,thyroid,_Geometric_SMOTE,RF,NONE,NONE,0.902,0.914,0.7040000000000001,0.908,0.7539999999999999,0.638
408,PCA,thyroid,_Geometric_SMOTE,SGD,NONE,NONE,0.8779999999999999,0.602,0.5900000000000001,0.6859999999999999,0.522,0.3
409,PCA,thyroid,_Geometric_SMOTE,SVM,NONE,NONE,0.858,0.8699999999999999,0.162,0.8640000000000001,0.25,0.094
410,PCA,wine,_Geometric_SMOTE,ABC,NONE,NONE,0.256,0.28,0.782,0.264,0.31,0.24
411,PCA,wine,_Geometric_SMOTE,DTREE,NONE,NONE,0.28200000000000003,0.29600000000000004,0.7739999999999999,0.28600000000000003,0.332,0.26
412,PCA,wine,_Geometric_SMOTE,GNB,NONE,NONE,0.26,0.30200000000000005,0.768,0.278,0.332,0.254
413,PCA,wine,_Geometric_SMOTE,KNN,NONE,NONE,0.252,0.204,0.7659999999999999,0.214,0.278,0.16600000000000004
414,PCA,wine,_Geometric_SMOTE,LRG,NONE,NONE,0.048,0.052000000000000005,0.764,0.048,0.08800000000000001,0.02
415,PCA,wine,_Geometric_SMOTE,MLP,NONE,NONE,0.194,0.18000000000000002,0.7440000000000001,0.18000000000000002,0.23600000000000004,0.138
416,PCA,wine,_Geometric_SMOTE,QDA,NONE,NONE,0.27,0.28200000000000003,0.7859999999999999,0.272,0.306,0.264
417,PCA,wine,_Geometric_SMOTE,RF,NONE,NONE,0.266,0.276,0.7879999999999999,0.27,0.282,0.268
418,PCA,wine,_Geometric_SMOTE,SGD,NONE,NONE,0.092,0.202,0.6859999999999999,0.124,0.08800000000000001,0.034
419,PCA,wine,_Geometric_SMOTE,SVM,NONE,NONE,0.0,0.0,1.0,0.0,0.0,0.0
420,PCA,contraceptive,_delaunay_area_9,ABC,area,9,0.202,0.2240000000000001,0.8079999999999998,0.212,0.28800000000000003,0.15200000000000002
421,PCA,contraceptive,_delaunay_area_9,DTREE,area,9,0.188,0.214,0.7959999999999999,0.196,0.28,0.138
422,PCA,contraceptive,_delaunay_area_9,GNB,area,9,0.194,0.196,0.8320000000000001,0.19,0.27,0.138
423,PCA,contraceptive,_delaunay_area_9,KNN,area,9,0.194,0.202,0.8139999999999998,0.194,0.28,0.134
424,PCA,contraceptive,_delaunay_area_9,LRG,area,9,0.20800000000000002,0.266,0.77,0.22,0.298,0.15200000000000002
425,PCA,contraceptive,_delaunay_area_9,MLP,area,9,0.204,0.226,0.812,0.212,0.29000000000000004,0.15200000000000002
426,PCA,contraceptive,_delaunay_area_9,QDA,area,9,0.20600000000000002,0.17800000000000002,0.852,0.188,0.268,0.132
427,PCA,contraceptive,_delaunay_area_9,RF,area,9,0.192,0.226,0.79,0.20800000000000002,0.28800000000000003,0.14800000000000002
428,PCA,contraceptive,_delaunay_area_9,SGD,area,9,0.15799999999999995,0.162,0.85,0.11800000000000002,0.156,0.06599999999999999
429,PCA,contraceptive,_delaunay_area_9,SVM,area,9,0.204,0.23,0.774,0.094,0.05800000000000001,0.008
430,PCA,dermatology,_delaunay_area_9,ABC,area,9,0.214,0.266,0.8719999999999999,0.19,0.226,0.172
431,PCA,dermatology,_delaunay_area_9,DTREE,area,9,0.502,0.49,0.9359999999999999,0.4900000000000001,0.5039999999999999,0.48200000000000004
432,PCA,dermatology,_delaunay_area_9,GNB,area,9,0.4920000000000001,0.4779999999999999,0.932,0.474,0.502,0.46799999999999997
433,PCA,dermatology,_delaunay_area_9,KNN,area,9,0.498,0.51,0.934,0.5040000000000001,0.516,0.5039999999999999
434,PCA,dermatology,_delaunay_area_9,LRG,area,9,0.4980000000000001,0.406,0.9179999999999999,0.422,0.47,0.386
435,PCA,dermatology,_delaunay_area_9,MLP,area,9,0.51,0.512,0.934,0.5119999999999999,0.518,0.512
436,PCA,dermatology,_delaunay_area_9,QDA,area,9,0.388,0.376,0.922,0.368,0.424,0.354
437,PCA,dermatology,_delaunay_area_9,RF,area,9,0.52,0.516,0.938,0.516,0.524,0.512
438,PCA,dermatology,_delaunay_area_9,SGD,area,9,0.4480000000000001,0.446,0.916,0.418,0.466,0.418
439,PCA,dermatology,_delaunay_area_9,SVM,area,9,0.194,0.196,0.8420000000000001,0.1,0.102,0.04
440,PCA,glass,_delaunay_area_9,ABC,area,9,0.2260000000000001,0.2220000000000001,0.908,0.19,0.24000000000000005,0.16199999999999998
441,PCA,glass,_delaunay_area_9,DTREE,area,9,0.254,0.278,0.8399999999999999,0.258,0.34600000000000003,0.238
442,PCA,glass,_delaunay_area_9,GNB,area,9,0.3,0.366,0.8380000000000001,0.31199999999999994,0.386,0.268
443,PCA,glass,_delaunay_area_9,KNN,area,9,0.278,0.30399999999999994,0.8219999999999998,0.28,0.3640000000000001,0.252
444,PCA,glass,_delaunay_area_9,LRG,area,9,0.0,0.0,1.0,0.0,0.0,0.0
445,PCA,glass,_delaunay_area_9,MLP,area,9,0.264,0.324,0.8119999999999999,0.28800000000000003,0.34,0.23
446,PCA,glass,_delaunay_area_9,QDA,area,9,0.34,0.402,0.8140000000000001,0.354,0.4,0.284
447,PCA,glass,_delaunay_area_9,RF,area,9,0.284,0.3,0.826,0.28800000000000003,0.358,0.262
448,PCA,glass,_delaunay_area_9,SGD,area,9,0.046,0.128,0.8920000000000001,0.064,0.032,0.022
449,PCA,glass,_delaunay_area_9,SVM,area,9,0.0,0.0,1.0,0.0,0.0,0.0
450,PCA,new-thyroid,_delaunay_area_9,ABC,area,9,0.10400000000000001,0.14800000000000002,0.8719999999999999,0.11200000000000004,0.138,0.11600000000000002
451,PCA,new-thyroid,_delaunay_area_9,DTREE,area,9,0.132,0.128,0.8619999999999999,0.13,0.136,0.118
452,PCA,new-thyroid,_delaunay_area_9,GNB,area,9,0.138,0.14,0.8619999999999999,0.136,0.14600000000000002,0.122
453,PCA,new-thyroid,_delaunay_area_9,KNN,area,9,0.132,0.128,0.8619999999999999,0.13,0.134,0.122
454,PCA,new-thyroid,_delaunay_area_9,LRG,area,9,0.156,0.16799999999999998,0.852,0.124,0.132,0.07600000000000001
455,PCA,new-thyroid,_delaunay_area_9,MLP,area,9,0.14,0.14,0.86,0.134,0.14400000000000002,0.118
456,PCA,new-thyroid,_delaunay_area_9,QDA,area,9,0.136,0.14,0.866,0.138,0.14600000000000002,0.128
457,PCA,new-thyroid,_delaunay_area_9,RF,area,9,0.132,0.122,0.8640000000000001,0.126,0.13,0.118
458,PCA,new-thyroid,_delaunay_area_9,SGD,area,9,0.092,0.168,0.8800000000000001,0.098,0.11800000000000002,0.08199999999999999
459,PCA,new-thyroid,_delaunay_area_9,SVM,area,9,0.158,0.16399999999999998,0.85,0.114,0.12000000000000002,0.066
460,PCA,penbased,_delaunay_area_9,ABC,area,9,0.14,0.23399999999999999,0.9280000000000002,0.15,0.222,0.168
461,PCA,penbased,_delaunay_area_9,DTREE,area,9,0.73,0.728,0.98,0.7240000000000001,0.774,0.7120000000000001
462,PCA,penbased,_delaunay_area_9,GNB,area,9,0.708,0.6880000000000001,0.978,0.6920000000000001,0.75,0.67
463,PCA,penbased,_delaunay_area_9,KNN,area,9,0.7780000000000001,0.77,0.99,0.774,0.78,0.768
464,PCA,penbased,_delaunay_area_9,LRG,area,9,0.7020000000000001,0.6859999999999999,0.978,0.6859999999999999,0.748,0.6639999999999999
465,PCA,penbased,_delaunay_area_9,MLP,area,9,0.7740000000000001,0.768,0.988,0.772,0.782,0.768
466,PCA,penbased,_delaunay_area_9,QDA,area,9,0.46799999999999997,0.502,0.952,0.47,0.4720000000000001,0.458
467,PCA,penbased,_delaunay_area_9,RF,area,9,0.7780000000000001,0.7779999999999999,0.99,0.7779999999999999,0.784,0.7759999999999999
468,PCA,penbased,_delaunay_area_9,SGD,area,9,0.6940000000000001,0.6759999999999999,0.978,0.674,0.726,0.6579999999999999
469,PCA,penbased,_delaunay_area_9,SVM,area,9,0.6940000000000001,0.66,0.978,0.664,0.7219999999999999,0.64
470,PCA,thyroid,_delaunay_area_9,ABC,area,9,0.91,0.8059999999999999,0.8320000000000001,0.8539999999999999,0.7759999999999999,0.6619999999999999
471,PCA,thyroid,_delaunay_area_9,DTREE,area,9,0.91,0.9,0.742,0.904,0.78,0.6659999999999999
472,PCA,thyroid,_delaunay_area_9,GNB,area,9,0.86,0.218,0.8300000000000001,0.31199999999999994,0.398,0.16399999999999998
473,PCA,thyroid,_delaunay_area_9,KNN,area,9,0.866,0.8560000000000001,0.264,0.858,0.398,0.188
474,PCA,thyroid,_delaunay_area_9,LRG,area,9,0.8620000000000001,0.8480000000000001,0.23200000000000004,0.8539999999999999,0.35600000000000004,0.154
475,PCA,thyroid,_delaunay_area_9,MLP,area,9,0.8860000000000001,0.8960000000000001,0.48200000000000004,0.89,0.608,0.41600000000000004
476,PCA,thyroid,_delaunay_area_9,QDA,area,9,0.8800000000000001,0.5920000000000001,0.5539999999999999,0.6659999999999999,0.48,0.24799999999999994
477,PCA,thyroid,_delaunay_area_9,RF,area,9,0.906,0.91,0.736,0.906,0.774,0.6659999999999999
478,PCA,thyroid,_delaunay_area_9,SGD,area,9,0.8700000000000001,0.8079999999999999,0.35200000000000004,0.836,0.4460000000000001,0.242
479,PCA,thyroid,_delaunay_area_9,SVM,area,9,0.8560000000000001,0.8300000000000001,0.162,0.8420000000000001,0.24000000000000005,0.08399999999999999
480,PCA,wine,_delaunay_area_9,ABC,area,9,0.26,0.23,0.8540000000000001,0.236,0.256,0.21800000000000005
481,PCA,wine,_delaunay_area_9,DTREE,area,9,0.26,0.28200000000000003,0.768,0.268,0.306,0.256
482,PCA,wine,_delaunay_area_9,GNB,area,9,0.28400000000000003,0.29600000000000004,0.7879999999999999,0.28800000000000003,0.334,0.27
483,PCA,wine,_delaunay_area_9,KNN,area,9,0.26,0.246,0.764,0.25,0.31,0.20600000000000002
484,PCA,wine,_delaunay_area_9,LRG,area,9,0.052000000000000005,0.057999999999999996,0.7559999999999999,0.054000000000000006,0.09000000000000001,0.02
485,PCA,wine,_delaunay_area_9,MLP,area,9,0.246,0.236,0.75,0.236,0.298,0.188
486,PCA,wine,_delaunay_area_9,QDA,area,9,0.272,0.27,0.7959999999999999,0.27,0.28,0.266
487,PCA,wine,_delaunay_area_9,RF,area,9,0.272,0.276,0.784,0.272,0.292,0.264
488,PCA,wine,_delaunay_area_9,SGD,area,9,0.11,0.14800000000000002,0.7819999999999999,0.11400000000000005,0.128,0.052000000000000005
489,PCA,wine,_delaunay_area_9,SVM,area,9,0.0,0.0,1.0,0.0,0.0,0.0
