area,area_volume_ratio,aspect_ratio,edge_ratio,max_solid_angle,min_solid_angle,radius_ratio,solid_angle,volume
0.3265120334631597,0.003826711117093145,1.5106599466401616,4.2882569032252285,1.6133136756701845,0.22488560753093534,0.41036933046657414,2.4040403919171824,0.0012494672283181623
0.05478558355859657,0.0032560364443349993,2.026902860017095,4.616341396124098,4.011188383431453,0.46062412452626855,2.2155505306666603,5.7141936779623705,0.00017838385669095077
0.2563780440396395,0.006575342141297073,1.5593463414369502,2.860814343173901,1.437731636657447,0.13793773618650773,0.467699679760747,1.8665788528287868,0.0016857733570771582
0.022178512044899026,0.0008648039807981993,2.742838401051485,8.15181910073435,0.5001273024827082,0.08253653084016488,1.4989985667942067,1.0004659407706304,1.918006550460949e-05
0.05431792379199516,0.0017628096943546922,1.580361656359701,7.195219657610836,5.363759633677006,3.314148466807799,2.2763301563067033,15.84706081035242,9.575216263774846e-05
0.13592650294528444,0.002143271669039657,2.0269028600171173,6.8578787026465955,4.677477553128366,0.2271467105817906,0.6828073424177695,5.49747128249634,0.0002913274228342636
0.0007504043227458125,4.1820791052885423e-05,10.877667146215458,12.531735948143169,6.132305929116198,5.474560756525026,59.6300741237774,22.631707883701402,3.138250238673462e-08
0.08560630524723134,0.0034602742128558533,1.9963955302431171,3.9526681859730926,5.615160647601224,4.993449681255985,170.76314688145348,20.868996794340497,0.0002962212905048613
0.06324093905586665,0.002154913402056843,2.5746539037991014,3.951915665928743,5.591241371132014,0.2911198361635363,0.6788525582507947,6.616229506500922,0.0001362787471301471
0.04801024295854636,0.0036543107960811108,1.5803616563597098,4.993217259641491,2.325482741034527,0.04427209444348046,1.719927105031609,3.2208835382549332,0.0001754443491658931
0.1571352360710476,0.0017222970524759383,2.026902860017103,8.671750683130423,2.876118732618446,0.2327115603224108,0.7959699293281012,3.710673842145827,0.00027063355392527603
0.03415829186348669,0.0006843840288364466,2.7278643392333626,8.020927116747401,5.536591197977192,0.05545842263928957,0.27961289098827674,5.81782095741071,2.3377389403704235e-05
0.004954525289678971,0.0002077097753756696,9.576194976161428,2.7803674032651373,6.064114699984408,0.1139880642483786,0.8028640381021821,6.443777203098729,1.0291033350122936e-06
0.011776211773044706,0.0012816276041208246,2.852420431185337,12.34914978455123,3.009267591959796,0.6296997811725933,1.7074885372061037,5.148633773972168,1.5092718080306734e-05
0.018509289431432024,0.0010461429090244403,1.9132688988300333,7.336365035635781,1.0632156066181153,0.014437938314495913,2.4317342822191095,2.0132116723078073,1.9363361889773625e-05
0.0013358116911245887,6.414390627109249e-05,9.560907773721791,13.093937906524134,6.1263513435232095,5.85937643174063,5.6327518811053485,23.78129773112491,8.568417991132516e-08
0.10647776967406539,0.0050440319537068965,1.5803616563597087,4.602945989820647,5.352514216049345,2.4988049459691695,2.4290486460093783,13.19413973434575,0.0005370772725954289
0.0838317126757989,0.003410037223000413,1.996395530243119,3.8452066304722,2.04425733985269,0.2972045958731728,0.5924288133409258,3.1688066239923733,0.0002858692606923498
0.11750268753948082,0.007683658805887664,1.510659946640159,4.2882569032252285,3.633448512753043,1.34605405628389,1.9566740358830361,7.934230455692994,0.0009028505598281985
0.02570935181971448,0.0006600211541301507,3.0560629391471847,10.679466658446986,0.892154213522458,0.07056713955464389,0.28827605541364404,1.277121538063918,1.696871605998604e-05
0.10575525308078619,0.0016389061420926554,2.0269028600170813,8.10714872550949,5.842825317383555,1.1241865720240618,0.7495540142902364,9.381875168945554,0.0001733229338326637
0.0017515751350133987,0.00023171146876498536,8.708693480495349,7.435580254500955,0.8158654799516549,0.06553632506783824,2.63427303435684,1.200940838763251,4.0586004718618215e-07
0.0027439282281313637,0.0002229463512485635,5.566509913095459,11.643074946961821,4.309055111517996,0.03171994236701847,5.103841289921336,4.535511132137825,6.117487865498235e-07
0.03138370544477879,0.0022619043154463877,2.5746539037990908,5.206393389757092,2.6502181118180914,0.17772167072892042,1.1270527592154822,3.4802793671251187,7.098693878024343e-05
0.00253565395095461,9.979337293640775e-05,4.503186528234697,49.206632481557136,0.372288382793605,0.1805002758470824,1.3815234486550425,1.1125701916032353,2.5304146036528915e-07
0.016258615612312545,0.0005215418960457254,4.082443254809471,7.612713892984899,5.921036813049836,0.2502369617727913,0.8488621355103377,6.786911672290405,8.479549213524117e-06
0.012105069972558207,0.00040443125680705166,6.478097944605325,3.508642840811679,5.989510150454288,0.10523323906556303,0.7443296704343075,6.340399077260043,4.895668662739018e-06
0.015094610247863379,0.0009125975379723257,4.1734003269432485,3.306860954835002,5.135032277084406,0.04593368941495335,0.99826655207621,5.374601742071474,1.3775304148851955e-05
0.015373291438562729,0.0013532050153852587,3.1542748530719154,8.36484502229915,4.390691578092875,0.1426946005013896,2.699858969194394,5.151730581122256,2.0803215077642342e-05
0.014917339016357707,0.0002878174935567024,4.082443254809287,10.650129456185063,0.18228498759110057,0.09189525539308407,0.7014286329026439,0.5980442125758181,4.2934711262236795e-06
0.015755570445085586,0.0011394725194436622,2.721536062752061,8.775022201100015,4.821780373864115,0.08853438137383574,2.4621432789528135,5.332768198468916,1.7953039550333775e-05
0.010333988236177104,0.0005244318756701932,3.0742925024105787,14.815342139646221,2.9751465329044304,0.15742318133665023,0.5491258114565857,3.6631674085283294,5.41947283385207e-06
0.0013758974042546092,4.8926196596680835e-05,18.85702374582533,2.549835832269294,0.17765419253159243,0.019677738308871096,1.2566204853302094,0.25036927729518066,6.731742689742385e-08
0.005008388711895524,0.0001686620595778446,4.566295982282573,14.968978063578655,0.17320586400417426,0.05350219462803585,0.6581471795651043,0.5358576557512107,8.447251553147272e-07
0.08106532021815915,0.002289737582051705,2.0269028600171044,8.082046873622506,5.440883873297022,0.27664842774795817,0.8291815481708947,6.51674097561887,0.00018561831030457495
0.003452407107024452,0.0005151805188479861,4.132756183261053,18.26664010646809,1.871961374557662,0.11782206955524144,2.323326874560686,2.7411287299402654,1.778612884671332e-06
0.003229901946353986,0.0002123341331891666,3.0413597618364148,44.84783155198476,5.1582552626021485,0.31585977678586685,0.8422268165787706,6.390607391753052,6.858184300650756e-07
0.006202271300796279,0.00038372983001457825,4.725217378749976,7.795877420947351,0.7168322953438682,0.07872984710993425,0.8508514663796476,1.1266556889891968,2.3799965119588534e-06
0.03685040414677459,0.0014147112547713483,3.759585032907259,2.4775068506586764,5.84885180553262,0.4111787029415397,0.8740175798940537,7.153360727894485,5.213268148931478e-05
0.0012829994293298383,2.0154245477633677e-05,23.37835533059915,2.10189051619417,0.020486120259657792,0.009157233080844929,0.7491089945428012,0.049484025543414134,2.585788544637748e-08
0.0038383156273610157,8.731526425848265e-05,3.5771468895181227,71.97244339359081,3.0496479626043103,0.023607217592819474,0.21612270371723738,3.250328790731217,3.351435433104907e-07
0.014964246745899256,0.0006634129371122504,4.265574900347353,5.210111137386595,5.985733628539041,4.64066295775616,4.692385136544433,20.026557196921658,9.92747488536946e-06
0.001569639980086517,0.00010803337148451077,11.94888940637169,5.734370094659876,5.970913295887399,0.06814213469656805,1.2892138104178394,6.234154526288258,1.6957349906562678e-07
0.02137038404347059,0.0006451300599107812,2.8491403340383106,10.01422409749608,5.700730132822121,0.1701307430346306,0.5102405515614232,6.374363991400051,1.3786677138280585e-05
0.023515781867591325,0.00016455514800781337,3.056062939147469,44.63206190572731,0.6412615657893852,0.01753466476617227,0.06689148554713556,0.8686308632852136,3.869642965740945e-06
0.011644334617323459,0.0011059769814184776,2.7215360627521226,12.19225499664363,1.0200883514852404,0.17038164574104186,3.173569784536956,2.197191405938016,1.2878366050694082e-05
0.002675509129650316,6.645375011718368e-06,4.627397820675693,582.292736347127,3.0200077763876703,0.0035095751147422583,0.022464919813137623,3.142677750891722,1.777976151380257e-08
0.0114540855796864,0.0004360128439487643,3.0413597618362687,23.781174615467318,5.7189496127305794,5.252405930997476,3.5566538611104868,21.705176834972185,4.9941284284315976e-06
0.024616875332823123,0.0006590148589368715,2.727864339233335,19.41914723258213,5.720924400855305,0.3917846575178303,1.2215413132964796,7.180588328753135,1.6222886624926982e-05
0.0009350811829125327,2.3382168646846024e-05,12.371967376016112,22.15542493789216,5.026383606060119,0.035379388209311635,3.7236046700800713,5.175645794126712,2.1864225917353115e-08
0.003801028777863282,0.0003939241221504885,3.6270540459425504,20.728206369928625,3.0269599423661875,0.09432329731987377,18.397799981648244,3.6263150206919534,1.4973169245885376e-06
0.006120423369699937,0.0004357328261273123,3.8738037047266323,11.295545063925747,2.0597937470934475,0.12154459972377207,38.10479464878411,2.6435215162885948,2.6668693719750016e-06
0.0035156728438972213,0.0002226051103213444,4.227363834714124,19.904264995364898,1.634724095357889,0.04290457593305508,0.6878406555468891,1.96310252804719,7.826067412694956e-07
0.02206837937101127,0.0005859866535242618,3.0005767674174773,14.396331575447858,5.8917976562646555,2.3343086550999743,3.056671354479642,13.066576844730834,1.2931775776322747e-05
0.024733369110316292,0.0006804824547695071,2.8491403340383195,10.889402312379627,0.4458186653472067,0.07056417891566591,0.3623546988474575,0.8659671686775416,1.683062372690833e-05
0.009282399622861573,0.0003631268670205302,2.8491403340382817,32.26740012911378,5.603374973815258,0.20956740101138793,1.0035468887382908,6.513003424360655,3.370688693482274e-06
0.014179818575651171,0.0018105061645425527,2.5746539037990868,11.409880192061774,3.5425277183359345,0.3979052908309746,2.859135013972338,5.456153129893007,2.5672648943311445e-05
0.00995100031633122,0.0011123186782566524,3.247872067806146,9.044842889459908,1.876005098604125,0.4392997188583654,2.004492914285521,3.4933243179191544,1.1068683519193071e-05
0.0015180522907846739,2.2794188942962068e-05,13.680473611526438,18.411239343352936,4.615985386936885,0.006942133216221169,0.14411528457687856,4.666471780905017,3.460277074144225e-08
0.00035956532728139123,3.6647955945412626e-07,30.633259785430624,227.26931781112083,3.1302561669543527,0.015566997859920217,1.9657330010442942,3.1920070831400347,1.3177334273706299e-10
0.005499277382042162,0.00046940136805519487,6.478097944605371,4.578698879609926,3.700491398551696,0.08544498445181592,1.7374008814728075,4.0625375619237065,2.5813683264455813e-06
0.048145549814958694,0.0014022139476448563,3.0534380003329,4.7298080463808505,5.622729602160792,1.9793812819668775,1.503944518972891,11.580057902881375,6.751036146756531e-05
0.009199238837902447,0.0008822327192498017,3.5102101869798923,9.284323198161747,1.7147001414137018,0.11363984425983009,1.4030552711068875,2.400896389657267,8.115869494991062e-06
0.002446552779167759,0.0001268809659487116,9.764778280462153,5.853629816835883,0.20867358411764592,0.016112502554979535,0.8380654081006041,0.3275858986593132,3.104209798653101e-07
0.008552338119334748,6.951190531686656e-05,4.764155876418266,47.506288126400264,6.034727141476539,0.18999133138831414,0.8440053550435807,6.697119728634168,5.944893175890256e-07
0.0010865203602813626,0.00011364933802276643,11.948889406371908,4.949614341701989,0.3419754626275666,0.18088547236433072,6.319072918866158,0.9682119759224381,1.2348231969423454e-07
0.002935240334880928,0.00047741354795783106,3.000576767417477,47.208897802786126,2.497430860003459,0.1887620816182478,22.295444079561555,4.073166007096123,1.401323502384436e-06
0.006253251543833421,0.00022345956200825795,7.042791431851069,5.172444352609961,6.005793447303597,0.07676313035187521,0.6256770474483415,6.298648643896039,1.397348851112479e-06
0.025129007850203104,0.00028623251259309783,2.7428384010514506,12.84252369360082,5.677544554350572,0.06180443902757782,0.2548080366176531,5.949533704050808,7.192739055935315e-06
0.0036784636545123123,0.00038875820122342893,4.117835738049798,14.487558501046506,5.782041522679529,3.282404182317757,16.546621625853057,15.85020733623492,1.4300329135939672e-06
0.011030178923108086,0.0011119815372567458,3.4763930020019305,8.421866265097242,3.445488315182292,0.15131775591320906,1.5025144675119873,4.2247299991434275,1.2265355315134686e-05
0.012570829078778902,0.0007788375241253514,3.3613640764997563,7.469399088557971,2.0024159203858813,0.07439803216187713,11.62836329037569,2.4200748123182323,9.790633395919132e-06
0.011238774243559777,9.562691247817574e-05,3.6860898254462686,57.88538025709917,5.971030689082722,0.8884313949219695,1.8783566698408345,8.730452220691372,1.0747292809508665e-06
0.0012765810103101257,4.954477204516436e-05,9.062174967104243,19.134672604380714,6.144759714989128,4.0652963271970375,9.939093119856345,18.40421770775026,6.32479151530008e-08
0.008243239583970129,0.0004115753739913664,5.748574263693565,3.930589447948713,0.2706714658195013,0.08202272585031123,1.3294410452904166,0.6543448423725655,3.392714414672941e-06
0.004467689729616112,0.00041496527803590506,3.4319868986707527,18.22665762366721,3.0280591592479027,0.0847495602078645,17.390109388588574,3.5586588771251324,1.8539361108283072e-06
0.003283904257225606,0.0004649022890197345,4.646746688105107,11.694614660703097,5.685769822982936,2.3321508302769134,7.273081221458673,12.888653176760997,1.5266946061058353e-06
0.021698311239570486,0.000943145517566855,3.1542748530719154,7.988782086660845,5.204993253782231,0.08661918995497997,1.5327061791727237,5.665112307812308,2.0464664984371414e-05
0.019975763503045918,0.0006895906261400827,3.0560629391471847,10.679466658446986,5.858973453171803,0.9027446693451129,1.6518361491543125,8.729178107704696,1.3775099261691648e-05
0.010257928522522166,0.00044302056746786905,5.264443584849,5.317863615674144,4.432461481559846,0.05768309536142757,0.5079328789336204,4.692905018815614,4.54447331509261e-06
0.0015275409333399097,9.142095681200006e-05,8.28227910864926,11.410909167563712,0.5834391314538063,0.04608885462558021,8.86861677202851,0.8133636348408189,1.3964925369543014e-07
0.0025010648539182897,0.00012927811962880331,12.200227371557688,2.5804870910204487,6.066866934697661,0.1349191887273915,1.1487083614670204,6.497172107029722,3.2333296138424413e-07
0.0006045190001300281,2.9686297029716636e-05,20.45713415390086,4.829690729695193,0.2750248321544908,0.02346975103839588,0.6320695194721758,0.37149059370815074,1.7945930597967324e-08
0.0012408833570553266,5.28149739531517e-05,10.744696650440194,11.359726987467027,0.5167457451298456,0.033950565348460415,0.4646208138175482,0.6760660947727581,6.553722218177652e-08
0.0017563938676118497,0.00043695379564381696,6.47809794460538,14.931719387302985,2.5166263367580264,0.060626983324081785,7.570123612436147,3.250675207305451,7.674629670985215e-07
0.005231022973372807,0.00017819324806860704,6.4743639108959075,9.437039796976164,6.008556128378759,0.09001699652143058,0.5056625031297852,6.359090870192597,9.32132974346803e-07
0.0012086833485307042,1.988543371606175e-05,10.45566226171786,37.101791430954734,4.52210687786291,0.01009938926908216,0.1540757017993526,4.5991554922407385,2.403519261091488e-08
0.006930201114699533,0.0001366277487176727,9.314397674661713,6.136671344063203,5.970283652816008,0.07713437567782,0.8432095585466399,6.235597678059366,9.468577764621031e-07
0.006314317225091612,0.0005477386969907334,5.013035120223839,5.95607108618747,0.5552032218653715,0.1234409787407329,2.187453586547887,1.2008495021832717,3.4585958892578233e-06
0.0028659272860139967,0.0003808605991124033,4.725217378749992,15.976316811773614,5.364859749477034,0.6686375346040312,2.476261547556428,7.532066958344149,1.0915187831638747e-06
0.0072304869030458555,0.0005530382063760396,4.202616249263099,7.395029819498539,0.5726052537470414,0.06234510946812799,3.098132754239893,1.028270444704889,3.998735508085925e-06
0.0031046492625082774,6.398451595622635e-05,4.572505826128211,62.17045356848557,2.590023116602822,0.2337041644202209,22.177595824289977,3.3776473697144813,1.9864948027544727e-07
0.007094049086073967,0.000977379023430644,2.680879744638988,24.318286894685027,2.121506628005143,0.030457987333296188,15.619715034826761,2.535629910946691,6.933574767916026e-06
0.020697951282854742,0.00013272182152799286,2.6808797446378176,24.318286894685027,5.603421292534643,0.018239845312467473,0.07810785544800587,5.71674258131161,2.747069796158138e-06
0.01269597112276186,0.0013149916294123406,2.8524204311853385,8.983486012670555,3.0524829521918937,0.43401500335673315,1.572166209134951,4.652925655732431,1.6695095753692642e-05
0.014170938252133954,0.0014003611445795035,3.154274853071909,6.868526414237257,1.3961028959641375,0.04452165462313573,71.71812669134631,1.7958133439913433,1.984443131052377e-05
0.002711029271659193,0.00017417572837347508,8.708693480494778,5.339674514526698,5.821759647462748,0.02645048829202956,1.6113591638360654,5.970650047869143,4.721954980330516e-07
0.00930759470208415,0.0005616932530728628,3.0888538345614496,16.793378945193393,5.651703913344434,0.46861488843683574,1.1345173585443207,7.315587966164575,5.22801314649739e-06
0.010953248694548218,0.0004678007089975365,3.840634632008027,8.656783981924502,5.836611694060826,0.2532091968922301,0.8532856849986072,6.738924168983607,5.123937505135997e-06
0.008557317977418016,0.00030335538305523385,5.46907425832766,5.47356961978136,6.064147724376383,5.815107490603868,4.818197143308049,23.612535243937245,2.595908472965081e-06
0.0008180040061816789,2.3581913237765653e-05,14.617308370486029,15.009248350142142,5.557632387257787,0.011613874821143177,0.287427932649976,5.624739967535878,1.929009950192107e-08
0.004224435984242247,9.888555559738337e-05,3.4319868986700803,66.87769497112448,2.895671407637792,0.06857127937936891,21.97667487356204,3.345497331826413,4.1773569938737363e-07
0.0022885556800283325,0.00011335294723169854,6.266910940730133,16.697714314420214,4.5267510652121095,0.040682781288267744,0.5067621744842288,4.747776474892822,2.5941453123505555e-07
0.010671268278457843,0.0004093421010394802,4.384056391149902,7.652284507786523,0.30601792083116885,0.09017305663437902,1.5255822154633005,0.7433212645163438,4.368199377859891e-06
0.0026641612669866628,0.0002968392402255445,5.049144035888152,12.842309369547054,5.87140804116788,3.3809585453252895,15.0095943693991,16.22021689932653,7.90827606330645e-07
0.001291174766604877,6.873746630910197e-05,9.422680073956606,10.212717314857546,6.12237207120214,5.420156926046435,125.88750508299198,22.459209662582122,8.875208201866533e-08
0.007343520704249371,0.0003468873357610892,4.254213479342866,10.152331272564606,5.9298337162274635,0.43031818682358436,1.2993068377182393,7.361097646679921,2.547374332203462e-06
0.005152253838456024,0.00013117498143948753,4.7362476388536345,35.875079124519324,5.936610760735135,5.810445510524296,1.9141841838745863,23.504354618366957,6.758468016309974e-07
0.014192729273866765,0.000797635666433708,3.36136407649976,7.469399088557971,3.9462293364153354,0.1259677929665295,3.2629240398614314,4.509091262348226,1.1320627072873914e-05
0.01120206528379758,0.00013869212710744346,3.7485120666282463,40.119562857799615,0.9725975805275873,0.13124424068650464,8.654981976468454,1.4965787532702155,1.5536382622063335e-06
0.014134616072642658,0.0006862172153281191,3.6382260796349954,6.926126604302128,5.885378812325671,5.397968016661478,6.133276869122813,22.28100831884525,9.69941688110092e-06
0.008591869456266544,0.00038269916778054745,6.131888035713388,3.2370625180141115,0.9461195294852578,0.02971537477041286,1.8312643338625127,1.1014858794660798,3.2881012905923112e-06
0.011350991790662322,0.0007644553244889462,2.7278643392333586,14.788049587568066,5.441692620053681,1.1790356281382088,3.091037642968072,9.375527461005408,8.67732611260213e-06
0.007336081685858474,0.00037383587953473534,5.748574263693576,5.90756970508534,5.780260167186947,0.058346503341029976,1.3215450545451557,6.053414910754801,2.7424905493715666e-06
0.0010524435895611322,4.799986146727635e-05,11.404958667571469,11.952349533344442,6.166659231234277,0.7551020837258426,3.2236877424903345,8.48258605545396,5.05171465010574e-08
0.000854383163600873,5.685226352806965e-05,12.43968250409761,8.583002265236997,6.025995946474874,0.09162121179733074,0.9470660809240381,6.354340584680005,4.8573616770982675e-08
0.0014084509324010892,4.162398640676827e-05,8.863791739437058,24.180970089880873,6.149651795960132,3.083855320159561,6.830117428294204,15.462784077528582,5.862534246486303e-08
0.001776847674879194,6.209503810110319e-05,7.288001435544655,23.298640022095217,0.7741429448589598,0.029015115860800744,0.3556853026809793,0.942823886159295,1.1033342407148016e-07
0.0039011099619524914,0.0003131671485416341,3.840634632008038,17.977563564462955,1.2336586267717093,0.060984198229457665,6.154597133941408,1.6469402109562603,1.2216994829320246e-06
0.0007146887565558588,5.8841022090036825e-05,14.036439053147134,6.954935181655334,3.066330722963251,0.015295748372940565,4.530857165275283,3.1579391356484647,4.205301691200424e-08
0.0006954446581886422,8.211490107968185e-06,10.877667146195321,76.71275680061103,0.8177662941674475,0.02506579048313995,60.153330500484714,0.9599925867322545,5.7106369313553505e-09
0.001179181375823399,3.7975345075517445e-05,23.37835533060601,2.4309631722009595,6.204310957208067,0.039978158838275935,0.6297518239646268,6.331293439166713,4.4779819653517e-08
0.010117389711979187,0.00029701423527269343,6.918579463437611,3.0518878607430495,0.18061879873879727,0.04001558708958619,0.6200244239377385,0.3469726823123329,3.005008768259314e-06
0.0034860651574519065,0.0001589720571334261,9.576194976161462,3.5084428278558386,0.1102684546804844,0.027628509758153452,2.0339075089366245,0.27459239869963614,5.541869493812905e-07
0.0076437348806744805,0.0008546878936792068,4.173400326943187,5.513818387869286,5.420143311999363,4.938530824287518,50.32307450607312,20.663707672950338,6.533007665005955e-06
0.0017178894294228749,0.00024240585591175603,7.602860753742044,10.261716559763546,5.949537140438958,4.28798451130262,13.996181822113055,19.023892714620587,4.164264575010102e-07
0.006749426892550417,0.00046563411063801387,5.393523671740033,4.923280602538363,0.5630021702950971,0.09610022453483547,1.2679505703047962,1.0132903305412082,3.142763388429007e-06
0.0009704500555376497,2.7681822289530125e-05,22.877368038325763,2.293723681228331,0.049285285305472826,0.017102007932447982,0.8122454956024323,0.11339471402639045,2.6863825978257858e-08
0.0019214391282448558,0.00019377349670821463,6.639207859080971,19.486164396474553,5.688486927336388,5.465520387906041,9.221647782750793,22.257237629149948,3.7232397859198933e-07
0.016284814950636054,0.0005117522309851249,3.221043863017445,13.277323041368053,2.6545311590474814,0.10089523402503175,0.3264951190544907,3.150465600144483,8.333790382167917e-06
0.019606376298872793,0.0008547680434631532,3.474927564218379,6.647228110674636,2.2438054283092077,0.17605635899622207,3.678411888009801,2.9202189782961145,1.6758903908389837e-05
0.007451109769762978,0.0006498979560610585,4.173400326943104,7.808962312817731,5.055785594394777,0.04618607543274855,2.5777077287417773,5.351848082526415,4.842461009755544e-06
0.015516904204560984,0.001254438589501016,3.2210438630174623,5.968368937925121,3.969417468890856,0.24378903459508772,1.1482824018324957,4.929262125613059,1.9465003423791867e-05
0.0019070752044816404,8.30649313150909e-05,8.282279108649213,11.410909167563712,5.684174833907459,0.08624858390765233,2.368320092267523,6.009916963011424,1.584110708729804e-07
0.007892354222007422,0.0003354988472675906,4.764155876418799,9.398459521113733,4.568464553389903,0.09526013627571839,2.727137733781787,4.9670968402312905,2.6478757437109917e-06
0.007346981267968713,0.0003374576607432516,4.384056391149721,10.98715738578502,5.8576963477529596,0.20728386532482368,0.7742388660001852,6.6151408450126485,2.4792951122132107e-06
0.003966841448023409,0.00022272463626723653,5.566509913095294,10.207573750546281,5.937779025620948,5.745518929108663,3.2718870387865673,23.385468537326485,8.835133186408116e-07
0.004218325071845688,0.00016349870310940765,7.042791431851402,8.675371190307573,6.056537300827266,5.970071849311063,2.7146207710866728,24.086590510197794,6.896906785406688e-07
0.003602230897772785,0.00018566836198329143,4.806159278370286,18.649126029199163,4.677348785358541,0.033947928921318926,4.0068174073576115,4.992076572240311,6.688203102750743e-07
0.0021929645716936984,0.0002268550054635053,8.708693480495334,5.319009492039517,5.987112617575924,0.7618029013423588,2.8321830703552986,8.34173906433995,4.974849898928476e-07
0.004026481952755758,8.516516834275886e-05,3.627054045942639,58.82755219665554,0.8483227463335834,0.05596773241893338,0.21103163397161662,1.229860864577205,3.4291601333552457e-07
0.004680056618331232,0.0003362483828672858,3.340139868804601,19.56177744990352,2.989768976838688,0.09529879164562516,18.904453548790116,3.509678685371202,1.573661469641215e-06
0.001854144437775628,6.383487057700918e-05,6.93056996121621,25.72369692774534,3.0837851633261506,0.027163852603331762,0.33253090056070533,3.2447374285589143,1.1835907021648866e-07
0.0020433265517580705,0.00017713511218890493,6.051029529519535,13.464176643739327,0.35083745853948356,0.06398031607851573,1.8572447866577833,0.8449216073464969,3.6194487798423405e-07
0.003930443955649404,0.000110093723154132,7.0030155714912645,13.609503836848688,0.4934285197967325,0.0696187185555166,11.297671495013937,0.7762839146290696,4.3271720872609693e-07
0.002298002514716797,0.00020710942480280884,5.670827493130879,12.573629253378382,1.5799868589160422,0.04299821568181894,110.46790152868796,1.859213003958914,4.7593797901840405e-07
0.0033257234034634008,0.00027425744334871107,4.763398344442326,12.33261358241253,0.803163405600738,0.05742002485340025,4.61700021992514,1.1907696698622061,9.121043979188462e-07
0.004631630117454593,0.0002817493506352096,3.840634632007991,15.970727334699555,5.809816401915963,1.0612831075418079,2.7805459695378087,9.204610632986151,1.304958777975311e-06
0.002855955173827284,0.00012196274521890833,4.254213479342211,52.08639518602995,5.663799772869398,0.0830841585639206,1.890500217621295,6.15725817787258,3.483201332221201e-07
0.008628736439962308,0.00041072098144003796,3.8738037047266247,11.069625511293118,4.294173200960326,0.2375598047883618,3.558231894198228,5.159328109558434,3.5440030992087383e-06
0.023790069350071684,0.0005282135927801217,3.154274853071894,13.55837455256913,3.172414072878193,0.07109890903965388,0.2261618972992426,3.562221404410943,1.2566238003889618e-05
0.016655797454773486,0.0011993581410242936,3.2309217121954648,5.5855576450015825,1.2171286107455694,0.07500778053690338,218.92352739558933,1.6756089361082855,1.997626627263429e-05
0.007426265949074233,0.0005192190673413467,5.325623641898352,4.36568533442163,4.840276721377858,0.05002039954218063,2.1404002604047725,5.097059257422261,3.855858879907124e-06
0.01237084824793075,0.0005552298610477898,4.132756183261053,7.47269146917928,5.956219849884818,1.8133489011430814,2.6919836613817854,11.53008308572674,6.8686643537418846e-06
0.00845608086040122,0.0003533887662458682,4.998231187984908,7.450116782860333,5.375197140720488,0.06433746483902425,0.4949631127853009,5.669596186797863,2.988283982532487e-06
0.0023211239613205406,8.401826627241099e-05,13.922859822775973,2.261211391952649,0.11316585385122391,0.044245440506313294,1.738667772700497,0.26384544900891616,1.9501681103350257e-07
0.014032519370773374,0.001278621696666094,2.8711486132946513,8.71354693707903,0.8956048196113597,0.10584166862369004,1.9808762575052394,1.793680553958441,1.794228372635808e-05
0.000399701069920916,1.6273915233615422e-05,25.726230312246642,6.095039562814004,6.234416092774014,3.137381943023419,2.6016024981183348,15.66651694130044,6.504701330678377e-09
0.00040035349590766616,6.996161168855113e-07,25.72623031330742,171.92569727857918,3.13007790449106,0.01829493042175656,2.6017661275248414,3.203794179139874,2.800937581884608e-10
0.0007789693411251375,2.3653135400942152e-05,15.655414577440597,12.632242295745574,0.11889785278306286,0.009472930668391388,0.3623452618218325,0.18295249188294438,1.8425067298815574e-08
0.0010741156521244,8.51517494983895e-06,11.252007058087587,74.16062130394289,5.424592008811137,0.06257082069028908,3.24147164048119,5.645358097141537,9.14628269419962e-09
0.0031901110878215953,9.502786299391306e-05,8.28227910864995,9.806286850388949,6.101863775424297,0.08668576460420407,0.7210769395805158,6.418856923227107,3.031494393888735e-07
0.0011575573387309513,7.24823077753056e-05,10.983750696451978,8.224648117357505,3.101244440317836,0.03303283558021697,4.8317968319626035,3.2585720432468164,8.390242729346049e-08
0.000777707921644527,3.45655954199606e-05,16.873054838119693,6.472529252776423,6.020595821249252,0.03094675159859772,1.707254679442484,6.14356897847286,2.688193737446314e-08
0.0010271589088391535,4.404922053644502e-05,12.95535115615522,8.241368514413045,0.1735695820749137,0.027009261654296957,0.5819590427652634,0.3053506034876454,4.52455493014301e-08
0.0011870637142854473,8.917762696013548e-05,14.528260211755102,3.4929447753418232,0.11462722235909517,0.018203791516066214,7.059130403074006,0.253819338460052,1.0585952509046047e-07
0.001962132925328928,0.0001042981509141804,12.853779749235091,2.88183715207226,0.1536385210419744,0.05292912463572108,13.456796300747735,0.3619370927678798,2.046468359596388e-07
0.0020409740339896493,7.364709627740373e-05,9.576194976161325,8.147119215143688,0.10929864452329774,0.009805007335291105,1.3124704393627746,0.20194569099470527,1.5031181118091677e-07
0.0030771499661460455,0.0003771949857892892,6.474363910895373,5.145770423080616,5.839645097979044,0.9718465371424285,3.1603711096714626,8.894227628026314,1.1606855377519693e-06
0.00629436078277768,0.0006272049601272027,4.695978670526035,6.522019057986439,4.861404057542082,0.31207810596974594,1.494199169973966,5.943802893735189,3.947854303788303e-06
0.008058099069184897,0.0004837389385626159,6.131888035713366,3.3066984895684994,0.44093909608952986,0.06305225656126634,1.5109914571932717,0.7349341554001318,3.898016290559905e-06
0.004909782519192524,0.0004532844482981833,6.131888035713207,4.869298552045757,5.549674619518729,0.4045029764590682,1.6865507481304236,6.850929367854585,2.2255280604762475e-06
0.02390333757369091,0.0009394827918116562,3.474927564218361,6.04433643334352,4.294308442822431,0.09818417715780159,1.8242067299537628,4.734247414248758,2.24567743173476e-05
0.0059705714573179795,0.0004170437346535322,5.264443584849011,6.502934929018989,1.5540414034372834,0.03782418038701918,7.017971718282072,1.785627116624565,2.4899894185756726e-06
0.013265661492262082,0.0006328586126407927,4.695978670525988,4.223961646665577,1.2507026484395132,0.07261212137963025,3.0834239808973796,1.573417135462999,8.395288127755368e-06
0.008210171890641021,0.00028383721756640163,5.0791285241243855,8.014655001647169,6.0483440108731585,5.695415742385531,5.2005218531009465,23.249784140979592,2.3303523451814306e-06
0.004726223691093587,0.0006452007452324324,3.2210438630174685,43.97764451109482,2.132505216252155,1.3350833879203563,4.825957405751848,6.374461296704774,3.0493630476287596e-06
0.002370302211561413,0.00032926413565111833,5.325623641898362,24.083137023765907,0.6625941551834607,0.008065696670161326,4.855210705713569,0.8285939128353288,7.804555089217029e-07
0.013674294408498721,0.0008019444078872274,3.6044173627712444,6.398961662799755,2.987926411847826,0.09687595178045738,0.7003673121435872,3.456211006641615,1.0966023932699131e-05
0.00256216559311938,0.00029538550119795093,4.906961087050573,17.257634281798826,5.808761351026353,2.890140940316101,10.983762759394333,14.766215640045809,7.568265678757133e-07
0.009576644636491593,0.0003143093577599166,4.906961087050563,9.683892079010487,3.166935985328844,0.07928138028906018,2.979704013276442,3.5111251762622375,3.0100290251906224e-06
0.011031253162019581,0.0005155070917937829,4.132756183261068,7.419542436050303,5.916076772865363,0.4973457808880464,1.3679673371030505,7.540979816537322,5.686689236393685e-06
0.0036656899743829014,0.0001574712351083441,7.536464755270114,7.733846094268011,6.114399021807619,5.3356438718381405,9.679560971981186,22.194700204600174,5.772407277903497e-07
0.0016475851222586572,4.013900844326927e-05,9.128488197100797,12.433322429276291,0.0723591150944336,0.01717384131232702,0.5694633138805654,0.20199265340999073,6.613243313334507e-08
0.003972318484039015,0.0001629634471968491,6.6303870872552855,7.9253512552614716,6.076826057095939,5.91124485470397,2.723818142642946,23.91748991329949,6.473427135227597e-07
0.003722276176941003,0.00024351216308164352,7.602860753742096,4.642749977389516,6.086135726258945,1.6658997582191288,2.907093922734671,11.160843575025515,9.064195234341742e-07
0.0007343908763747511,5.78918528020167e-05,9.286333246610175,38.227612227822654,5.952099151865122,5.812212117969969,4.3693253458266685,23.483841854047014,4.2515248514231135e-08
0.003997030252218525,0.00016060198952097185,3.6270540459424514,41.46303406990888,5.036836512517416,0.1307224278778003,0.4228209191380606,5.668408381060995,6.419310106818071e-07
0.0036932481064814253,0.00016525246501648735,3.958318326423547,29.969333282167998,3.159043925407091,0.14421667492262857,12.877145602433538,3.749769198008113,6.103183535135299e-07
0.004521239926090466,0.00010336041393853667,3.2938583567313677,71.34538595342474,3.051495066914713,0.01949823334786549,0.21808327574496206,3.2432544498440383,4.6731723027614956e-07
0.003880143770922907,0.00039450490857147484,4.1178357380497825,14.895622944166611,3.2077020595476657,0.04650081581202503,10.609639569596332,3.5423359863837725,1.530735763592119e-06
0.003466362527999579,3.672554757303066e-05,4.093862225013212,133.3217038251108,6.022398827276014,3.0172969686975364,12.868532906478212,15.196871693768841,1.2730406192741936e-07
0.0017055694720129692,2.164301139698053e-05,7.531364976158685,66.52190540343707,6.140253269747621,3.0779120879440507,7.788625846707966,15.439958334162217,3.691365952111876e-08
0.0036954293148787638,0.0001054188358183214,7.536464755269342,12.414952727533635,2.4234619453577526,0.03383893716892139,0.28645678537306435,2.5979537165393927,3.8956785622341634e-07
0.006863123860263868,0.0002143843809182175,5.528765324585314,10.27726031676446,5.916634263439581,0.09567699219742298,1.147973711550166,6.291834509322506,1.4713465599477162e-06
0.0019947817705481953,0.00011453024820188632,6.266910940730123,16.697714314420214,1.636033839489908,0.054721712263468,95.73233984577342,1.909975624353884,2.2846285128948305e-07
0.002742150212913119,0.00010910954144088928,4.627397820683322,33.51467873968873,3.01976987577744,0.07500181147695306,0.39006764826055584,3.3909966483391387,2.991947522929873e-07
0.0031590709052128282,0.00030126478046913955,5.049144035888143,11.556100941706742,5.9072047281898925,2.5441769765490134,7.403165479614325,13.695136410358103,9.517168027453887e-07
0.0034128351584258223,0.00024825179969964,4.448189450383861,15.020902050605876,3.3223973345648794,0.1353856643019138,0.7854422188011124,3.892530693632939,8.472424701574164e-07
0.0031678164103849894,0.0002792788361939025,4.62739782068247,13.752004001681083,4.419553332681639,0.052818487837565264,5.179460727910475,4.744690933523556,8.847040803682657e-07
0.00472450478530358,6.188861803379308e-05,4.572505826128173,62.17045356848557,3.8818683478947476,0.14204318563737672,5.340416214034093,4.39942741210171,2.923930720564808e-07
0.005071091280150526,0.0004727814734945824,4.646746688105105,9.808237578032125,5.853282234416033,3.649329502726375,10.410994394068897,16.951502386991475,2.3975180076550937e-06
0.011928811708309825,0.0011388373311577186,3.476393002001936,5.884389553759159,5.701154151054739,3.2593147581204995,6.270159147820968,15.708316444319669,1.3584976089774507e-05
0.016410759029069497,0.0007311990916227492,3.0888538345614385,9.160830064226564,0.6686104773796169,0.11687338357288679,2.634615897138631,1.2511759182066786,1.1999532094895446e-05
0.008881309799184571,0.0006080775012343852,4.198233220214273,6.284791463380317,5.903240641118897,2.6168205585391107,4.356123993280723,13.90386467350615,5.400524670376614e-06
0.001751876570670529,0.00016267966222538127,4.9982311879847385,45.281491238000996,0.792623455451781,0.48694451478888334,3.0946185999934173,2.5033467248229337,2.849946887772409e-07
0.0002603141073678647,9.119259563147623e-06,30.633259785856957,4.407065349239048,3.1045219922223524,0.019848438027151083,0.47518022094196594,3.1778321346240013,2.373871913036637e-09
0.0005493660107295737,2.815913826593007e-06,20.4571341538667,65.72280695820314,3.104349870185141,0.0020944115269685426,0.04695321723978389,3.1366713668720734,1.5469673454736487e-09
0.00038049838245821587,3.548371030074688e-05,18.857023745821543,7.625614100871194,6.001078386873058,0.009620375368651235,2.150289537431693,6.0901842069451195,1.3501494373050121e-08
0.0003593024332764391,1.549548200092517e-05,30.6332597858394,3.884769431399888,3.107577689748452,0.00792552778989064,1.42642267761468,3.144870674263719,5.567564387723679e-09
0.000719333750349341,2.58440793133948e-05,15.65541457746295,11.593564974010107,3.0997696823534735,0.022204524587709162,0.35965682717501246,3.2042949184574017,1.8590518496830103e-08
0.0010016445546155556,2.743006865566618e-05,11.767295291499169,20.414173651500555,4.92066166635513,0.011894615170681355,0.2649574388778632,4.99658126450352,2.7475178901678864e-08
0.0008423635164595013,2.5388083306144065e-05,12.955351156160232,18.15338000879251,3.100827741917241,0.02615562143075323,4.971403421889636,3.2251633548898395,2.1385995129930277e-08
0.0013302677840285114,2.00964775022151e-05,10.455662261717917,37.101791430954734,1.72839993012923,0.06793735490725972,6.869184652429463,1.9705439664713205,2.6733696593650514e-08
0.0025121239046356956,7.394868482534821e-05,10.877667146215957,6.523859073003478,6.177299429011914,6.09533453023106,3.470123487765705,24.512925413874118,1.8576825886612815e-07
0.001234431708007182,8.057448116956627e-05,9.560907773717801,9.95559182986214,3.0858825001677035,0.0692429834103252,0.6819821633221146,3.3634895421017323,9.946369441194022e-08
0.001203006306231333,6.563394389573155e-05,9.391566991284787,13.33003670583386,5.854248784403293,0.03078195667241257,2.222555625866363,6.016227201729912,7.895804840939857e-08
0.0013467128009790898,4.96859185180416e-05,9.062174967104227,19.134672604380714,4.093608453657483,0.044322358723986266,5.272118918966631,4.289957604742376,6.691266249665062e-08
0.0012297936498470992,1.0749180161309148e-05,10.309341412050362,71.31648436892307,4.53879293884876,0.06008529849918354,4.368989905381816,4.759366704247981,1.3219273503440407e-08
0.000563712131493989,3.4984639925628434e-05,18.857023745839253,5.239513536753649,5.906281279449676,0.010469806987981833,1.9421319463015794,5.968424914848464,1.9721265942025714e-08
0.0011704132894824351,2.278112690514156e-05,10.631531407144378,31.15101087554631,6.178538183860022,3.101080382941471,5.705803008643305,15.531031556366244,2.6663333679163543e-08
0.001365856270682905,3.990614465550132e-05,8.282279108650718,28.13254737946421,3.0530848681865947,0.03206579007160171,7.529719420755604,3.2339561573046867,5.450605791649558e-08
0.0024514022937655445,7.71105026366377e-05,11.948889406372478,4.949614341701989,6.075112570868994,0.02505072905780814,0.4349524193950898,6.181837650764827,1.8902886303686772e-07
0.005339340859103685,0.00019827262450625643,9.31439767466148,3.210314958996685,5.893547413056286,0.15400614261501788,1.1027411066761688,6.370330671478492,1.0586451252679775e-06
0.0007856290332759041,1.2197635739554816e-05,30.63325978584928,2.2040313663730804,6.26105444426517,6.242818793392489,2.16274211306816,24.993623983143507,9.582816774318067e-09
0.00016359911546093286,4.005814268945781e-06,49.96452249619504,3.6039321545785072,3.1234181951449207,0.008792852407608187,0.3623603585330899,3.154538962192104,6.553476711003132e-10
0.00540081679795453,0.00030376401948960924,5.0130351202239245,12.426181350571156,5.839518970089664,0.2686764197274214,0.9596618190048023,6.848417161980125,1.6405738190736688e-06
0.0002942713944001466,2.938791320066387e-07,40.65927668940761,99.15326639436286,3.1215587535136002,0.013427061592431233,0.5242614616720581,3.1656769957346915,8.64802219606983e-11
0.024801742654493086,0.0003140292788578062,3.3121899103375783,15.993285611054407,0.2387988983368281,0.026941265423273908,0.1428410109501648,0.46817798420530465,7.788473360207357e-06
0.019623826049936895,0.001206148331958369,2.727864339233372,12.635625720738787,5.195306494910646,0.20974978213536977,1.298930148017176,6.195061379290678,2.3669245056772573e-05
0.00818878018870746,0.000804169254246552,3.474927564218373,9.919134189278147,5.665666797189676,2.081861422772903,4.732910097208857,12.125903109592196,6.585165257541818e-06
0.007341466604523358,0.0006346192122308547,4.265574900347331,7.195769451590855,4.5494829186231875,0.06418701003772087,3.1389710537887887,4.924108854407297,4.659035753181741e-06
0.0046084889138664304,0.0002183596762314509,5.528765324585625,10.543801652171494,5.812145322586476,0.08116269555256617,0.7204301388368045,6.167502804593786,1.0063081471481046e-06
0.0016835579363554758,0.00027647909480241927,5.5287653245855,18.971591461038944,4.705375611044914,0.21354400604696444,2.5941711610849705,5.708221763936075,4.6546857429099093e-07
0.0008601661933384421,0.00013750884390594854,6.758145958469855,19.063461468094726,5.0454170086425805,0.017075808251340696,5.504582657446951,5.259102074600735,1.1828045881294979e-07
0.0026372190347610965,6.830773021900128e-05,6.616625874945994,15.243179639830036,0.17227667429692106,0.04386747699971982,0.35306344104925697,0.41028649389265404,1.8014244635487594e-07
0.0007651708468865116,5.97035193418882e-05,8.641952573233313,18.676574178672254,1.2281699080432622,0.010155341589766831,0.8208661546436615,1.3730355761923931,4.568339245693782e-08
0.0018338720135264463,0.0001306860550122211,6.276627226177389,13.668940754156655,0.6434351534805911,0.06966781988879989,0.9029025082532304,0.9996694789651084,2.3966149884508985e-07
0.0020561422876473213,8.8925403313119e-05,8.64195257323446,9.677072291073644,6.107449355956076,0.15664547523417127,0.9965166418828527,6.64339181763947,1.828432821981972e-07
0.0024637813619134835,2.6680438350368455e-06,5.049144035871082,1162.1771972036547,6.0521483227628785,3.111348255462909,12.164261789199852,15.566044539843759,6.573476673531953e-09
0.004141553263347354,9.078126797809459e-06,3.4319868986706514,755.539056872428,5.9631288379033975,3.0691843585913023,18.877194454421456,15.396732151780629,3.759754566454883e-08
0.0018356120831922913,5.482263760664255e-05,6.623150236796055,33.141586793425894,3.0901968861311637,0.05827380971343388,9.40275424803183,3.3542260268326114,1.0063309602322518e-07
0.001694822758266933,5.741765995291142e-05,7.610119158152133,23.550789528310776,3.071633118195937,0.042848737085787736,7.5243774885611066,3.282492232894553,9.731275681462616e-08
0.002048128749216646,0.00012650298364191723,6.630387087256221,13.782537215717939,5.277605162498455,0.10282119358736042,0.685544877625426,5.6881424309355,2.5909439765869373e-07
0.0010002388992552454,0.00010410582414228975,6.276627226177308,28.368877519759955,5.57493628848324,0.18152084477288843,1.6797424486451509,6.307501009282577,1.0413069494614406e-07
0.0035814890603450365,0.00016356375918552855,6.051029529519483,10.382836213877578,5.835776937080661,0.07116362988785196,1.5995316556662147,6.14337849359572,5.858018141918805e-07
0.0017519654548384693,6.456355904908534e-05,7.210160481042691,23.393222718013433,6.110456038441484,3.0751194017315795,8.353166713910456,15.419295774788477,1.1311312509542117e-07
0.0014576581778112353,3.433095441116842e-05,7.986058128833558,36.68909931940355,3.146909769329927,0.07208943170434212,7.921761858757316,3.423990979295801,5.004279644950435e-08
0.001995445075380668,3.0931184811735535e-05,6.10010875270746,70.81855185983513,3.162659983605235,0.10091593831906476,9.958280664748626,3.538685119501227,6.172148040826699e-08
0.003037861415677872,0.000269314263021001,4.627397820682476,15.197042360722326,5.885338980013868,4.44766025641545,30.607813728265086,19.4142237019824,8.18139408323221e-07
0.0006504315654267637,2.052119483703025e-05,28.849753682360053,2.5070026844318987,0.08828411438141126,0.010560489903274295,0.630098682438323,0.12473393404559019,1.3347632882277207e-08
0.0028861077819836672,0.00016690579296946246,5.24480831766784,17.08940816708186,1.2830953127109268,0.1163292264651985,16.98728217951747,1.7789098711868343,4.817081079473204e-07
0.0032331220174009277,0.00019069745134071595,4.2841800071460066,21.658440289857047,5.9088752181216755,2.8741506092375513,10.823071642854215,14.70664005625571,6.165481285919108e-07
0.003403461725302486,7.466164304669629e-05,4.11783573805097,62.105584835156,2.9713189177512582,0.06482378702850644,15.007604781686112,3.349971189213149,2.541080444576273e-07
0.00481810806017966,0.0003017507284972594,4.763398344442308,10.616233825905079,5.174156624308445,0.05922381079812533,2.773361207478888,5.488167447338739,1.4538676171377298e-06
0.007992970833837158,0.0004029026137866921,4.806159278370525,6.376657223164738,0.3272823668451319,0.07721485912274861,1.869280752625926,0.7441605776207929,3.2203888408737868e-06
0.01509468644712756,0.00044456546662282025,3.3613640764997252,14.663846731343328,2.8997858497475457,0.09493343026775847,4.479544180935049,3.360798428289123,6.710576323892425e-06
0.020294973228603533,0.0011034432436032085,2.8711486132946753,7.35379981052977,5.720275818028767,0.7420186582297217,1.45388056543623,8.158124797111743,2.2394351088210563e-05
0.0036932487097324743,9.685496313978439e-05,4.5662959822829325,37.21030337421449,5.949408415785722,0.11632267326863222,1.0788115153433098,6.424545679173032,3.577094676471951e-07
0.0004904141022987266,2.448340719731389e-05,21.99432625163119,5.778483879485838,3.1213509059808207,0.01344400515091726,0.5509338317537222,3.1850381465691813,1.2007008161884873e-08
0.000881013048946011,2.2630939975732428e-05,12.502491097221961,22.364221805513772,3.1029301474384177,0.012409380916473367,0.2450579806054221,3.180429558310243,1.993815342853419e-08
0.0008947446392356383,2.2922933841386352e-05,12.371967376016434,22.15542493789216,6.190345681934838,5.018744289512638,9.32628576960385,21.292439628964196,2.0510172170133636e-08
0.00133841140439422,1.0977770791630512e-05,10.309341412050449,71.31648436892307,1.785907775226777,0.0818466887711824,7.079612554664019,2.0638182455386946,1.4692773622344043e-08
0.0015744296025314002,0.00012738526253952404,9.286333246613015,6.7541727568421255,6.052987934064795,0.33392410808158424,1.9397817039859087,7.1270671440037265,2.005591282684609e-07
0.0007395149836365954,1.0405491643028642e-05,15.5764107908363,31.885870780454,3.1025598125322356,0.006436253594578112,0.13145193517263196,3.1540673639779895,7.695016982125056e-09
0.0021524437331092517,0.00012026313431126454,12.43968250409758,2.9777689272777184,5.973328770398799,0.022164173953150623,1.1628028805576216,6.073767531885403,2.588596297723576e-07
0.0009246543810907729,2.7877870947383005e-05,11.76729529149937,20.414173651500555,1.3211789812186652,0.04586514633986161,9.3274633082873,1.5024591082544156,2.577739550698087e-08
0.0012598075727694334,3.121621271994071e-05,9.245556548992443,29.941674157304806,3.093216300220556,0.014867507986640938,0.23453073444072983,3.1920610652021226,3.932642117776282e-08
0.000994111490555713,3.8716559459883477e-05,14.617308370475573,7.344006542855579,5.968581372569048,0.06945379079864944,1.8180511276264235,6.207445774666052,3.848857663385365e-08
0.0007438474544192503,2.258409066730223e-05,13.680473611526883,18.411239343352936,6.196960926377113,4.628062232709173,7.1509979330398155,20.1209269139013,1.6799118353246314e-08
0.00142690988547689,9.48834530452399e-05,14.465200258302204,3.307369315970648,6.110800728327938,0.19933505191461576,1.5256896462674479,6.738494658754803,1.3539013711843516e-07
0.0014086281379921655,3.6961374908680165e-05,8.269837198034448,31.614392462278015,3.097761360975414,0.04642281773927559,7.72731918583319,3.307921019211193,5.206483271524449e-08
0.00029899705039331795,1.741618468781197e-05,29.902150189031833,3.6758297551708257,5.878867309109086,0.03417329461975216,1.8350431677331542,5.99661408150134,5.207387850761048e-09
0.0009461512550643196,7.35152627259507e-05,14.465200258302385,5.088655772350141,6.138123606616579,6.000800438274419,22.95339500493993,24.200469330201813,6.955655809454145e-08
0.00020788572279311778,1.0924891813177238e-05,41.03899149538197,2.6253959938875884,6.1799433362604415,0.00556655259405936,0.8881711787369059,6.2040625699427,2.271129031018965e-09
0.0005018512088503181,1.730836311757033e-05,28.84975368238309,3.809918608613568,0.37742747885331207,0.009797852044868716,1.361608358445574,0.41980517272133433,8.68622295377293e-09
0.001903662318812936,8.966977122823305e-05,12.200227371557668,5.307621515073704,6.155642826098838,6.07035015457263,30.237569938820492,24.399526273575656,1.7070096462376363e-07
0.0003406386116878651,4.335664942379447e-06,40.88964438858249,2.6349851038421033,0.02179175597721006,0.007328696069082152,0.3102154654155328,0.04623854522770898,1.4768948867158826e-09
0.00014890455243488638,1.1543151603648444e-05,41.038991495350594,3.80505716123469,6.231308320845075,6.187882110099718,81.45945406991916,24.821717339103387,1.7188278232293127e-09
0.0030537187009735027,0.00016299158499961627,6.917796331011491,14.631040040514977,0.14240712054498905,0.0074175797366615726,1.2244379205510474,0.2534679698258824,4.977304512146404e-07
0.002190489645865995,5.160917556962321e-05,6.6392078590791765,19.486164396474553,6.083668227747607,0.10875883024643418,0.6257237544289217,6.469338777951101,1.1304936471693992e-07
0.017357328653398684,0.00165845177729775,2.727864339233367,6.615614717492446,1.019548033049591,0.3242036037237308,3.6136112791681048,2.69279409872719,2.878629255437021e-05
0.006567931401605595,0.000747134109950737,3.6044173627712452,12.06257344399793,3.15862292186576,0.18511654572036118,1.5701861970888433,4.063055681941869,4.907125581956093e-06
0.001697859040396626,0.00032581375432131645,4.7641558764187995,26.92139535981289,1.7010897358670274,0.1409471778220439,14.074512806204472,2.8031095882111785,5.531858282600124e-07
0.010554587506581937,0.0006118603897539339,4.198233220214258,6.208883377191965,2.6621379241634155,0.10305646430922133,4.0639983027219575,3.1190979973666986,6.457934025469225e-06
0.0026151204822618154,0.0002895083050404932,5.4690742583274625,15.483889206000768,1.471557601893342,0.30795952415699324,1.5158302388404281,2.5311770346649283,7.570990982962953e-07
0.0003693530923572404,1.9950757245298205e-05,28.849753682357296,2.9879227960556722,6.171795448879806,0.053092908947149464,1.3348490215592568,6.342263811925164,7.368873883419511e-09
0.0016319566547927605,0.00010445048492641942,7.610119158153178,12.2947948284293,3.7302352901523133,0.05541543632070445,0.6631655652485927,3.986275066556221,1.704586639720011e-07
0.001652850204820262,7.596276443515502e-05,6.630387087258282,25.60944326366063,5.250944398197255,0.08841335458529098,0.47276890279294986,5.6930562542863985,1.255550707553593e-07
0.0010469105906095687,5.2481069741771875e-05,8.641952573232848,18.676574178672254,6.1108168124093964,1.143806347225965,4.664493753586467,9.615725633558664,5.494298771918036e-08
0.0028952878460889765,0.0001888623885727561,7.775439564789717,5.957428245701036,5.035258908066599,0.06305108813370097,0.7772658921654456,5.305654608324424,5.468109782180343e-07
0.0015415578251709336,0.00010425577951847091,9.391566991284737,8.355122341838687,0.2371627867658188,0.07043567053036037,1.4341844336478047,0.5628260984241944,1.6071631273599438e-07
0.0015432175508614814,1.6263195042909327e-05,9.062174967094045,39.17319491826088,6.110597743396477,0.011288298299405586,0.11686934924678292,6.182177033509415,2.5097648023301116e-08
0.0023004196822195818,0.00014065060413003086,9.422680073955677,5.732814005120195,0.20301525288999933,0.07747165228040975,1.83710118234866,0.5424657818622123,3.2355541805679776e-07
0.0014854311167756735,0.00015195480049515206,7.536464755270125,10.557154605466337,5.240554204806575,0.02762375625305813,3.8273909280295886,5.427322988491838,2.257183889989384e-07
0.0023548807049693717,0.0001394413963770804,7.860097108512894,8.93650745555033,0.1586158259001369,0.024257519758646318,1.20529021788344,0.38554496041131436,3.283678538023727e-07
0.0018751963973987205,4.5280433015515134e-05,6.467649677907302,42.46798228593225,3.078813912335864,0.0187312463654421,0.2277545202073682,3.211893528480065,8.490970486334805e-08
0.0017626840907008204,2.3414243924126082e-05,7.180624729924241,67.70061516231475,3.5596076429046093,0.012280152577641257,0.12275410842720147,3.6689908096608987,4.1271915260845394e-08
0.001674650118732179,2.2813700976429825e-05,6.630387087244756,73.31890356760366,2.4663448154591725,0.02234193506802651,0.12593749985206534,2.6941302023922766,3.820496704889863e-08
0.0026177015431930405,0.00015040866157171518,6.051029529519446,13.349289912565286,5.850756587411222,0.126214904176023,0.9040544491438413,6.338839572289184,3.9372498550587855e-07
0.001973787798542118,0.00011746996165226659,6.66388672042615,13.713251833140603,0.8552146001503136,0.04768524972308308,10.817474811494858,1.1072429761330005,2.318607770044543e-07
0.0014034284478973312,0.0001340854655414922,6.5696641404697305,27.103496496837646,0.26113474784053015,0.00788802019482615,1.6437378089847454,0.4781798082253008,1.881793567904875e-07
0.0019700979594129524,3.705902057465189e-05,6.187185655624513,57.18117304475734,6.102394244215791,3.0558499408262882,9.956134886018923,15.353410403946803,7.300990081196431e-08
0.002227474377952448,0.00013364767050265451,5.599659610303591,18.15111278852216,3.063244355886985,0.08938772912484572,0.6130447919166412,3.4534571928401983,2.976967617176941e-07
0.002943795804508828,2.9156874130599833e-06,4.490144601018536,1415.3219158229545,3.1849044076905857,0.14393462155625958,12.220824735564912,3.7037142882914593,8.583188373825177e-09
0.003398162927520984,3.747841681080702e-05,4.117835738049044,126.98435547632332,2.9767383432965593,0.02205170527371081,0.10169153346261214,3.2032790874885317,1.2735776658866367e-07
0.0025330955159372313,5.124802462906542e-05,5.0491440358885695,59.92886565478173,2.9924138546726375,0.05048899601459622,12.168543717896997,3.2993264041918797,1.298161413885264e-07
0.0031440232363008917,6.649109918944805e-05,4.554542349017072,62.165248524213794,6.00208295656015,4.977973544587956,8.50796070064356,21.040467244090365,2.0904956085881205e-07
0.0028602011379180677,5.930824506493315e-05,4.554542349017235,62.165248524213794,5.184763804598017,0.1290979936284815,3.1838411505826163,5.67384903318946,1.6963351002264542e-07
0.004095751014838047,0.00035023419581177055,4.254213479342834,12.739618758004053,0.47394141405804247,0.05599891553222802,1.8930739073070117,1.032818482511649,1.4344720629270467e-06
0.0023301009767428787,0.00018116732802285078,4.227363834714122,26.85302388538747,4.66637617832092,0.17452173764088785,5.035974125999142,5.431706708243478,4.221381679799421e-07
0.0006569106108423355,6.258625280174673e-06,19.045336542288897,35.50950642852757,5.987641305914295,0.004241344505192313,0.09025491788584285,6.026535871824204,4.111357355832828e-09
0.0005791382068949587,5.354755117829306e-06,18.85702374577842,35.86411670786809,6.231904920877248,6.0191754605784595,27.42302648429806,24.319954518386123,3.1011432773012675e-09
0.0012936478632824488,5.520302594593679e-05,10.744696650440213,11.359726987467027,6.160401342315515,0.5108532766220297,2.4859554685240113,7.744129044304694,7.141327656168671e-08
0.0008722259374725819,6.663974964586669e-05,9.779877628372516,12.504285721158595,6.08460359101721,0.6961761471545476,3.5705264036273556,8.267879565452782,5.8124918107804225e-08
0.0021910418011471975,1.0449700955644812e-05,5.515084212414575,260.376851166379,6.0815352768057025,3.0161043217896113,10.84038785125382,15.195105258651374,2.2895731603305598e-08
0.0001404206720681908,2.7953960430251715e-05,14.617308370482599,15.009248350142142,0.6705182441476087,0.004376505207426273,2.5191057486715502,0.8774894337650698,3.925313910583558e-09
0.0009276859221236423,4.2191628090400575e-05,13.857844408027127,9.058357091001533,3.112537077121438,0.028524505260072885,3.7942694120174143,3.2380974307217905,3.9140579410941026e-08
0.0012937796406615322,8.54698240769584e-05,12.439682504098222,5.8121242288008235,6.1024384528669895,6.005085680189747,9.880965656841099,24.20619129205648,1.105791182816916e-07
0.0014084552231270902,8.968045604998611e-06,8.209386569239983,136.55104739810142,6.156356689629272,3.0836184151729444,7.920678730239525,15.464441331438776,1.2631090673602241e-08
0.0006693406369531884,4.1354386193290704e-06,18.70836216932584,56.49881829344458,3.143646398222363,0.035921134988333936,3.148697506378842,3.271521321079918,2.7680171195425337e-09
0.0006806001336347836,4.547594300141018e-05,16.927716630949188,5.071995876469415,6.185903125256349,3.083152254767074,3.8797495460055957,15.473332235417978,3.0950932883927573e-08
0.0004164616746336781,5.493030137841688e-06,22.87736803834354,22.92661962194507,6.238238306165648,3.146030474521213,2.4100732626818604,15.705105494784942,2.2876365300188132e-09
0.0031176365117315213,0.0001012788520026862,11.613863413565333,2.97427372916423,0.11506901213157672,0.06520042150051752,2.0182510059225085,0.33040399983636526,3.1575064686982763e-07
0.004167456749575056,0.00018399010497005747,9.314397674661324,3.210314958996685,0.3605635326821375,0.11519881467072945,1.9496189263440542,0.7257176181259339,7.66770804812489e-07
0.00015749008569664367,5.689340150982284e-07,72.32640992751291,2.1590413327182056,0.001599709903361557,0.00141875421183002,1.0821454246764317,0.006138827040908623,8.960146679355555e-11
0.00026863759772819686,1.251642100665311e-05,40.61486745802822,2.1608233645842025,3.1316316095033105,0.01796824112668194,0.9124798962949242,3.189900352553187,3.3623812713820312e-09
0.0024709078547111374,0.00018102844059226183,6.569664140470007,14.281398021554965,5.981643160925181,0.3754512111309998,1.646895938994609,7.264215261780143,4.473045957855283e-07
0.0016030613068245586,0.00016909181482137816,7.775439564789834,12.066711814321494,0.9830960412034848,0.01505902338179732,1929.097613622129,1.1198177301275183,2.7106454564089474e-07
0.0034621574376147565,6.43556077437858e-05,4.11783573805014,74.15940008802262,3.0076817897782355,0.033050471892279276,0.17440205970297024,3.249974534977204,2.2280924600236583e-07
0.003210980841451967,5.4953220497263406e-05,3.8406346320087903,98.16111940227766,2.9408123376568867,0.041177125963340444,0.1599308137132003,3.264057509541482,1.7645373819279833e-07
0.0017679906481866475,2.578770416341305e-05,6.663886720426126,69.4790937119402,6.1149212980870615,3.0992942252020583,9.400072300011544,15.51435160146763,4.5592419799118146e-08
0.0017015494706437277,8.257007376348438e-05,6.61662587494617,19.47120141141204,6.016835220563136,0.15801673817232453,0.9060783576623348,6.585513389170275,1.404970653032704e-07
0.001676695244375598,0.00017802705642763208,6.758145958469797,11.772995743058729,0.7108041142465873,0.03230358012773271,1.499557969393955,1.036079860726808,2.9849711888239695e-07
0.002074039311992762,6.532876198498044e-05,5.924845185525745,34.68475856683707,3.08627825282122,0.017941260659852798,0.3017653342444626,3.2255159754939693,1.3549442056066773e-07
0.0019443096048765618,5.343060950858025e-05,6.2669109407304315,37.95469916131385,3.050023954192966,0.03517012032412925,0.2610279005613812,3.255102157727609,1.0388564726194154e-07
0.0026855464168535105,5.843360325209963e-05,4.913654026982513,57.23308033866133,3.0629827307941966,0.02067163580600795,0.20486522257497194,3.2228225858039714,1.569261538375158e-07
0.002645926433443441,7.087348911404908e-05,5.000580612209978,45.22584912563245,6.048613794699442,3.036972111784184,11.382184546498511,15.272983741492396,1.8752603827722844e-07
0.0022734578149293987,6.271679352982011e-05,5.390099452888075,43.94011379748826,3.081551971100934,0.016540338804445387,0.2623093896816527,3.2198154361222464,1.425839843776831e-07
0.0027791943551071195,8.838448664669997e-05,4.788891902337085,39.17440667786346,3.0768069306630164,0.020809506069923156,0.30631089276518836,3.245761608116958,2.4563766636754917e-07
0.0030245585417877437,0.00012218193871364725,4.493299624638226,31.800458460686233,5.997994508891567,3.0145540024328614,12.21626838765483,15.179339024076357,3.695464263885484e-07
0.002082744413241054,0.0002359908484634655,4.448189450383858,25.51993418715582,5.784481657283841,3.260581408015762,27.999932669716774,15.753770606615474,4.915086212132989e-07
0.0053997843633648585,0.0002613110962355153,4.227363834714253,13.46864617987526,5.790893093701781,0.18778165337237862,0.8022380577794052,6.496245157812403,1.4110235714262653e-06
0.0004028520208821342,7.255231231887056e-07,25.72623031150363,166.79474743514987,3.112599284966503,0.0005348826941662388,0.016316422236261268,3.132763218105461,2.9227845637328767e-10
0.0004397670007075682,1.6636339913146253e-05,25.726230312236122,5.589485300850455,6.233089670508365,6.180753132844346,8.828261658909389,24.797147074416117,7.316113306355934e-09
0.0006275950465341276,2.410525589313046e-05,19.045336542346217,8.336507591217162,3.1149919041465868,0.01421128179289699,0.39765881071338005,3.1837929971899768,1.5128339193966264e-08
0.0007095098582015977,9.642330638740377e-06,16.873054838072477,27.566188262669954,3.1106754631638944,0.020593412380323972,3.2132648327994144,3.2062520328438864,6.841328644225606e-09
0.0006811454412460951,2.2058603260949077e-06,16.873054838320503,119.59898223461157,6.225399776926864,3.1359890426473402,3.2131138220822866,15.670287506825815,1.502511705145171e-09
0.0004639852118786233,1.243580225710781e-05,22.87736803833284,10.665629738066038,3.108915270290395,0.012576976109806015,2.4103078993074045,3.170680812504789,5.770028345144829e-09
8.763952285710869e-05,8.654738302855846e-07,78.59754439019781,7.16053752927992,3.1297224157996393,0.0035257946165225817,0.3815014908997877,3.142996416418196,7.58497135315429e-11
0.0002990128086715724,2.8102207130721896e-07,40.44256721791964,106.06399104417248,3.1215737922566547,0.01379100748970341,0.5334076272266366,3.1668079825664592,8.402919884027444e-11
0.002556228400164443,1.7639984654359654e-05,5.049144035893856,181.16232953083772,3.080646475947411,0.07704754988755047,11.786039534092705,3.431921366980359,4.5091829751939105e-08
0.002488917253946851,4.585886434976761e-05,5.049144035890643,65.80895771383611,2.941628320805661,0.03815383225067759,0.1721698552557943,3.2416888884737505,1.1413891872654474e-07
0.002556457694739025,3.990000209377097e-05,5.049144035884989,78.61322896713527,6.05897648791095,3.0803571007346555,11.783473304294324,15.433994152129376,1.0200266737272401e-07
0.0021930619247873305,3.0319289626930673e-05,5.536259473371163,87.96566930466882,3.1683623243743018,0.11255343666467432,10.969596500915566,3.5853996693481034,6.649207966742113e-08
0.0007156809671945389,2.7270553509377423e-06,16.87305483807541,101.52282650349223,3.097882684315401,0.0018207423049174665,0.0346957911831519,3.1351180035163404,1.951701611152166e-09
0.0007841129302392205,3.48618627700482e-05,16.873054838121163,6.472529252776423,6.206967060956222,6.004472145379694,73.06157372977754,24.254423004254726,2.733563737022008e-08
0.0003960277990846035,1.7209256551636174e-05,22.877368038316277,5.670539915989571,3.0949088894427073,0.02760362216415846,0.5076815165209436,3.2038071057161854,6.8153439960267676e-09
0.00014389892547274222,1.9650922764070997e-06,72.32640992663772,6.506010086227624,6.2689945214359035,3.145132061813647,0.9124485407502582,15.707611105647961,2.827746670297666e-10
0.0005063685117151325,1.2533956141673193e-05,22.54996647759255,11.940212550650784,3.124136572625811,0.019322131090409478,2.6799797808602017,3.2038835036480102,6.346800717361799e-09
6.383207823023638e-05,1.4129044971097095e-07,72.22460364598541,42.70013217140231,6.277488298638662,3.1513166143794784,0.362375810165771,15.734648450375978,9.018863039135977e-12
0.0006136209861130066,4.715904999451473e-06,28.849753682321143,15.070445490560592,3.106976566053053,0.002921636225660329,0.07572389119063598,3.127346911602374,2.8937782761786705e-09
0.00012078900584868644,2.2088123544517486e-06,72.32640992724154,3.9740653018286745,3.1279178512696006,0.003578429396960736,0.23998254766733418,3.1414024970150844,2.668002484005231e-10
0.0005414276950031831,1.1371466253073473e-05,21.083008396645084,15.36788067947312,3.1150122012990202,0.005658981079343928,0.203402416248304,3.1519919495473094,6.156826762208054e-09
0.00030127188927492267,1.364330338517065e-07,40.33898485304639,222.56385667116456,3.1076211902335213,5.747029450642316e-05,0.004106761331022619,3.1116627878292,4.1103437868013097e-11
